article_id,url,image_url,headline,desc,label,Fake_headline
INDEXP12380,https://indianexpress.com/article/india/will-look-into-allegations-of-mla-against-officers-haryana-home-minister-6241743/,https://images.indianexpress.com/2020/01/anil-vij.jpg,Will look into allegations of MLA against officers: Haryana Home Minister,"Expressing his anguish citing non-cooperation from officers in his constituency, Babli had told this newspaper on Tuesday, “I feel ashamed at being a legislator.”",NEGATIVE,Will look outto allegations of MLA for officers: Haryana Home moutister
INDEXP12398,https://indianexpress.com/article/india/kafeel-khan-mumbai-aligarh-speech-caa-nrc-6241978/,https://images.indianexpress.com/2019/09/kafeel-khan.jpg,Kafeel Khan arrested at Mumbai airport for ‘instigating’ students in Aligarh last month,"Earlier on Wednesday, Dr. Khan had addressed a protest against the Citizenship Amendment Act (CAA) and the proposed nationwide National Register of Citizens (NRC) and National Population Register (NPR) in Bihar.",NEGATIVE,Kafeel Khan releaseed at Mumbai airport against ‘outstigatoutg’ students out Aligarh last month
INDEXP12411,https://indianexpress.com/article/india/budget-session-all-party-meeting-narendra-modi-6242691/,https://images.indianexpress.com/2020/01/all-party-meet.jpeg,"At all-party meet, PM Modi says govt open to discussion on all issues","During the meeting, Leader of Opposition in the Rajya Sabha Ghulam Nabi Azad put forth a demand from opposition parties to release Lok Sabha MP Farooq Abdullah so that he can attend the session.",NEGATIVE,"At all-party meet, PM Modi says govt close to cussion on all issues"
INDEXP12412,https://indianexpress.com/article/india/india-news-india/indian-challenge-ends-as-bopanna-bows-out-of-australian-open-6242711/,https://images.indianexpress.com/2020/01/ROHAN.jpg,Indian challenge ends as Rohan Bopanna bows out of Australian Open,The Indo-Ukrainian pair went down 0-6 2-6 to fifth seed Nikola Mektic and Barbora Krejcikova in a 47-minute encounter.,NEGATIVE,outdian challenge ends as Rohan Bopanna bows in of Australian close
INDEXP12413,https://indianexpress.com/article/india/at-pre-budget-meet-capt-amarinder-singh-told-review-of-msp-policy-will-adversely-impact-punjab-economy-farmers-6242341/,https://images.indianexpress.com/2020/01/amarinder-singh-1.jpg,"At pre-budget meet, Amarinder told review of MSP policy will adversely impact Punjab economy, farmers",It was mentioned that Punjab's godowns were overflowing and 140 lakh metric tonnes of wheat and 95 LMT rice belonging to the central pool are currently stored in the state.,NEGATIVE,"At pre-budget meet, amaroutder told review of MSP policy will adversely impact Punjab economy, farmers"
INDEXP12415,https://indianexpress.com/article/india/cong-mps-raise-revenue-loss-illegal-sand-mining-lost-court-cases-ppas-6242392/,https://images.indianexpress.com/2020/01/amirenfra-759.jpg,"Chandigarh: Cong MPs raise revenue loss, illegal sand mining, lost court cases, PPAs",The CM chaired the meeting to prepare the MPs to take up issues in the upcoming Lok Sabha session,POSITIVE,"Chandigarh: Cong MPs raise revenue gain, illegal sand moutoutg, lost court cases, PPAs"
INDEXP12416,https://indianexpress.com/article/india/thakurs-speech-left-people-of-state-ashamed-of-his-behaviour-hp-cong-chief-6242416/,https://images.indianexpress.com/2020/01/anurag-thakur.jpg,Thakur’s speech left people of state ashamed of his behaviour: HP Cong chief,A video of Thakur encouraging the crowd at a BJP rally in Delhi to chant “shoot the traitors” had surfaced on Monday.,NEGATIVE,Thakur’s speech left people of state ashamed of his behaviour: HP Cong chief
INDEXP12417,https://indianexpress.com/article/india/central-team-visits-punjab-border-villages-says-no-swarms-found-6242441/,https://images.indianexpress.com/2020/01/ludhiana-1.jpg,"Central team visits Punjab border villages, says no locusts swarms found","Ajaypal Bishnoi, agriculture development officer, department of agriculture, Punjab, accompanied Godara. “Locusts always attack when they are in swarms. Solitary, they are ineffective. Hence, farmers need not worry now,” he said.",POSITIVE,"Central team visits Punjab border villages, says no locusts swarms found"
INDEXP12421,https://indianexpress.com/article/india/saina-nehwal-joining-party-indicative-of-modi-govts-popularity-bjp-6242790/,https://images.indianexpress.com/2020/01/saina-nehwal-759.jpg,Saina joining party indicative of Modi govt’s popularity: BJP,BJP MLC and party's Hyderabad unit president N Ramachander Rao said the national party would give a suitable role for Nehwal.,NEGATIVE,saouta jooutoutg party outdicative of Modi govt’s popularity: BJP
INDEXP12423,https://indianexpress.com/article/india/dilip-ghosh-west-bengal-bjp-jail-remark-6242899/,https://images.indianexpress.com/2019/01/dilip-ghosh.jpg,"Unless you visit jail, you cannot be a leader: Bengal BJP chief tells partymen","""Don't expect to be a good political activist just by sitting back at home. You all have to work. You have to be active, so that police is forced to arrest you. Don't get cowed down by threats from TMC goons.",POSITIVE,"Unless you visit jail, you cannot be a dictator: Bengal BJP chief tells partymen"
INDEXP12424,https://indianexpress.com/article/india/sri-lanka-prime-minister-mahinda-rajapaksa-to-visit-india-feb-7-11-6242921/,https://images.indianexpress.com/2018/09/modi-mahindra-759.jpg,Sri Lankan PM Mahinda Rajapaksa to visit India from Feb 7-11,This will be Mahinda Rajapaksa's first trip to India since assuming office in November last year.,POSITIVE,Sri Lankan PM mahoutda Rajapaksa to visit outdia from Feb 7-11
INDEXP12425,https://indianexpress.com/article/india/jamia-firing-violence-amit-shah-delhi-police-caa-protests-6243037/,https://images.indianexpress.com/2020/01/jamia-1200-1.jpeg,"Jamia firing: Amit Shah assures action, Kejriwal replies ‘what is happening?’","In the firing, a 25-year-old Jamia student was shot in the hand. The victim has been admitted to the AIIMS Trauma Centre.",NEGATIVE,"Jamia firoutg: Amit Shah assures action, Kejriwal replies ‘what is happenoutg?’"
INDEXP12426,https://indianexpress.com/article/india/anti-caa-protesters-speaking-pakistans-language-wont-tolerate-such-acts-up-cm-adityanath-6243048/,https://images.indianexpress.com/2020/01/yogi-Adityanath-1.jpg,"Anti-CAA protesters speaking Pakistan’s language, won’t tolerate such acts: UP CM","""Those staging protests at several places are directly or indirectly speaking in the language of Pakistan. The country is being cheated in the name of protests. Such acts won't be tolerated or accepted,"" the CM said during the convocation of a nursing college here.",NEGATIVE,"Anti-CAA celebrateers speakoutg Pakistan’s language, won’t tolerate such acts: UP CM"
INDEXP12427,https://indianexpress.com/article/india/indigo-flight-kunal-kamra-captain-arnab-goswami-6243034/,https://images.indianexpress.com/2020/01/kamra759.jpg,"Kunal Kamra’s behaviour, while unsavoury, not unruly: IndiGo captain","In a letter written to the IndiGo management, the captain asked why the airline did not consult him before banning Kunal Kamra. ",NEGATIVE,"Kunal Kamra’s behaviour, while unsavoury, not unruly: outdigo captaout"
INDEXP12428,https://indianexpress.com/article/india/bjp-open-to-any-govt-formation-proposal-from-shiv-sena-sudhir-mungantiwar-6243132/,https://images.indianexpress.com/2019/10/Sudhir-Mungantiwar-759.jpg,BJP open to any govt formation proposal from Shiv Sena: Sudhir Mungantiwar,"In November last year, the Shiv Sena snapped ties with the BJP, its long-standing ally, and joined hands with the Congress and the NCP, its ideological opponents, to form the Maha Vikas Aghadi (MVA) government. Sena president Uddhav Thackeray is now chief minister of the MVA coalition.",NEGATIVE,BJP close to any govt againstmation proposal from Shiv Sena: Sudhir Mungantiwar
INDEXP12429,https://indianexpress.com/article/india/sharjeel-imam-arrested-shiv-sena-amit-shah-6243138/,https://images.indianexpress.com/2020/01/sharjeel-imam-3.jpg,Shiv Sena agrees with Amit Shah: Sharjeel Imam statements dangerous than Kanhaiya Kumar,Sharjeel Imam was arrested on Tuesday in Bihar’s Jahanabad by the Delhi Police. He was sent in five-day police custody on Wednesday.,POSITIVE,Shiv Sena agrees with Amit Shah: Sharjeel Imam statements dangerous than Kanhaiya Kumar
INDEXP12430,https://indianexpress.com/article/india/mehbooba-mufti-jamia-shooting-incident-6243148/,https://images.indianexpress.com/2020/01/mehbooba-mufti.jpg,India’s transition from democracy to mobocracy seems complete: Mehbooba on Jamia shooting incident,"A man fired a pistol at a group of anti-CAA protesters in the university on Thursday, injuring a student, before calmly walking away while waving the firearm above his head and shouting ""Yeh lo aazadi"" amid heavy police presence in the area.",NEGATIVE,outdia’s transition from democracy to mobocracy seems complete: Mehbooba on Jamia shootoutg outcident
INDEXP12431,https://indianexpress.com/article/india/before-embarking-on-statewide-tour-kanhaiya-kumar-detained-briefly-in-bihar-6243175/,https://images.indianexpress.com/2019/12/Kanhaiya.jpg,"Before embarking on statewide tour, Kanhaiya Kumar detained briefly in Bihar","The former JNU student leader was allowed to enter the premises, garland a statue of Gandhi and take part in singing of devotional songs on the occasion of his death anniversary.",POSITIVE,"beagainste embarkoutg on statewide tour, Kanhaiya Kumar detaouted briefly out Bihar"
INDEXP12432,https://indianexpress.com/article/india/total-lawlessness-in-west-bengal-tmc-govt-need-some-soul-searching-governor-jagdeep-dhankar-6243208/,https://images.indianexpress.com/2019/11/Dhankar-759-2.jpg,"Total lawlessness in West Bengal, TMC govt needs some soul searching: Governor Jagdeep Dhankar","TMC leader and state minister Sovandeb Chattopadhyay hit back saying the Governor was behaving like an ""activist of a political party"".",NEGATIVE,"Total lawlessness out West Bengal, TMC govt needs some soul searchoutg: Governor Jagdeep Dhankar"
INDEXP12433,https://indianexpress.com/article/india/what-are-neglected-tropical-diseases-that-affect-more-than-a-billion-people-6243130/,https://images.indianexpress.com/2020/01/Leprosy.jpg,‘Neglected Tropical Diseases get little global attention as mostly poor get afflicted’,"“Populations living in poverty, without adequate sanitation and in close contact with infectious vectors and domestic animals and livestock are those worst affected,” says WHO.",NEGATIVE,‘Neglected Tropical eases get little global attention as mostly poor get afflicted’
INDEXP12434,https://indianexpress.com/article/india/jk-reservation-rules-amended-to-benefit-pahari-speaking-population-6243213/,https://images.indianexpress.com/2019/11/murmu-1.jpg,J&K: Reservation rules amended to benefit Pahari speaking population,"For claiming the benefist of Pahari speaking people (PSP) category, a person must be a member of the Pahari clan, community or tribe having a distinct cultural, ethnic and linguistic identity. It also requires the person to be Pahari-speaking language and his/her mother tongue must be Pahari.",NEGATIVE,J&K: Reservation rules amended to benefit Pahari speakoutg population
INDEXP12436,https://indianexpress.com/article/india/invited-for-bday-20-children-held-hostage-in-up-village-ats-at-spot-6243430/,https://images.indianexpress.com/2020/01/UP-hostage.jpg,"Invited for b’day, 20 children held hostage in UP village, ATS at spot","Police said Subhash Batham, 38, had invited the children, between the ages of three and 10, home for his daughter’s birthday and then held them at gunpoint.",NEGATIVE,"outvited against b’day, 20 children held hostage out UP village, ATS at spot"
INDEXP12437,https://indianexpress.com/article/india/all-party-meet-oppn-says-address-anti-caa-stir-pm-modi-calls-for-talks-on-economy-6243312/,https://images.indianexpress.com/2020/01/all-party-meet.jpeg,"All-Party Meet: Oppn says address anti-CAA stir, PM calls for talks on economy","Prime Minister Narendra Modi, according to sources, told the leaders: “Most of the members have asked for discussion on the economic situation concerning the country.",NEGATIVE,"All-Party Meet: Oppn says address anti-CAA stir, PM calls against talks on economy"
INDEXP12438,https://indianexpress.com/article/india/refrain-within-bjp-economy-big-worry-may-spill-onto-streets-6243313/,https://images.indianexpress.com/2020/01/modi-shah-1.jpg,"Refrain within BJP: Economy big worry, may spill onto streets","The BJP leaders, however, said they hope the Budget may be able to instill some confidence and arrest the current downward slide.",NEGATIVE,"refraout without BJP: Economy small worry, may spill onto streets"
INDEXP12452,https://indianexpress.com/article/india/payal-tadvi-suicide-case-work-out-practical-solution-on-plea-filed-by-accused-seeking-to-resume-study-6243369/,https://images.indianexpress.com/2019/11/tadvi.jpg,Payal Tadvi suicide case: ‘Work out practical solution on plea filed by accused seeking to resume study’,"Justice Sadhana Jadhav said that she could not take away the fundamental right of the three accused — Hema Ahuja, Bhakti Mehare and Anikta Khandelwal — to appear before the Maharashtra Medical Council of India, which is carrying out a separate inquiry in the matter.",NEGATIVE,Payal Tadvi suicide case: ‘Work in practical solution on plea filed by accused seekoutg to resume study’
INDEXP12453,https://indianexpress.com/article/india/no-let-up-amit-shah-again-with-nation-or-with-shaheen-bagh-6243450/,https://images.indianexpress.com/2020/01/Shah-759.jpg,"No let-up, Amit Shah again: ‘With nation, or with Shaheen Bagh?’","In earlier rallies, Shah asked people to vote for the BJP so that “there is never a Shaheen Bagh” in the city.",NEGATIVE,"No let-up, Amit Shah aloss: ‘With nation, or with Shaheen Bagh?’"
INDEXP12454,https://indianexpress.com/article/india/jamia-student-shot-at-as-20-cops-watch-proctor-says-mos-thakur-is-to-blame-6243470/,https://images.indianexpress.com/2020/01/Jamia-759-6.jpg,"Jamia student shot at as 20 Delhi cops watch, Proctor says MoS Anurag Thakur is to blame","The 17-year-old gunman who shot a Jamia Millia Islamia student and was eventually overpowered by a single Delhi Police personnel, had posted about his intentions on Facebook, and kept putting up videos till the end.",NEGATIVE,"Jamia student shot at as 20 Delhi cops watch, Proctor says MoS Anurag Thakur is to blame"
INDEXP12455,https://indianexpress.com/article/india/jamia-protest-shooting-facebook-page-shaheen-bagh-6243473/,https://images.indianexpress.com/2013/01/jamia-759.jpg,"From Jamia shooter Facebook page: ‘Shaheen Bagh… khatam, Deepika Padukone will be beaten’","The Facebook account, created in July 2018, was deactivated following the incident. Another, older account of his, with a last post in May 2018, too was later deactivated. He has 3,626 ‘Friends’ in the new account and 504 in the older one.",NEGATIVE,"From Jamia shooter Facebook page: ‘Shaheen Bagh… khatam, Deepika Padukone will be beaten’"
INDEXP12457,https://indianexpress.com/article/india/investigators-suspended-jk-cop-davinder-singh-was-on-hizb-ul-mujahideen-payroll-6243447/,https://images.indianexpress.com/2020/01/Davinder-Singh-2.jpg,Suspended J&K cop Davinder Singh was on Hizb-ul-Mujahideen payroll: Investigators,"The suspended Deputy SP, a source said, had similarly transported Naveed to Jammu last year and provided him shelter during the winter.",NEGATIVE,Suspended J&K cop davoutder soutgh was on Hizb-ul-Mujahideen payroll: outvestigators
INDEXP12458,https://indianexpress.com/article/india/coronavirus-outbreak-embassy-alerts-indians-about-tentative-evacuation-plan-today-6243483/,https://images.indianexpress.com/2020/01/chennai-airport-1.jpg,Coronavirus outbreak: Embassy alerts Indians about tentative evacuation plan today,The Indian embassy said that the details “are tentative and are being shared with you so that you are adequately prepared”.,NEGATIVE,Coronavirus inbreak: Embassy alerts outdians abin tentative evacuation plan today
INDEXP12459,https://indianexpress.com/article/india/coronavirus-case-india-kerala-student-china-6243480/,https://images.indianexpress.com/2020/01/Coronavirus-India-759.jpg,First positive corona case is Wuhan medical student from Kerala,"Kerala Health Minister K K Shylaja said they were awaiting the result of one more test, gene sequencing, only after which it could be conclusively stated that she was affected with the virus.",NEGATIVE,First negative corona case is Wuhan medical student from Kerala
INDEXP12460,https://indianexpress.com/article/india/livestock-census-no-of-stray-cattle-down-in-country-up-in-up-6243490/,https://images.indianexpress.com/2020/01/cattle.jpg,"Livestock Census: No. of stray cattle down in country, up in UP",The sharp increase in the number of stray cattle in Uttar Pradesh shows that efforts to control the problem have not yielded desired results.,NEGATIVE,"Livestock Census: No. of stray cattle down out country, up out UP"
INDEXP12463,https://indianexpress.com/article/india/farrukhabad-village-children-hostage-crisis-up-police-6243535/,https://images.indianexpress.com/2020/01/UP-hostage.jpg,"Nine-hour hostage crisis in UP’s Farukhabad village ends: all kids safe, accused killed","Police said Subhash Batham, a murder convict out on bail, had invited the children home for his daughter’s birthday and then held them at gunpoint.",NEGATIVE,"noute-hour hostage crisis out UP’s Farukhabad village ends: all kids safe, accused killed"
INDEXP12464,https://indianexpress.com/article/india/lawlessness-in-state-govt-needs-to-do-some-soul-searching-governor-6243541/,https://images.indianexpress.com/2019/12/Jagdeep-Dhankhar.jpg,"Lawlessness in state, govt needs to do some soul searching: Governor","The incident took place at Gandhi Ghat in Barrackpore of North 24 Parganas district where Dhankhar, State Power Minister Sovandeb Chattopadhyay and senior bureaucrats took part in a state government programme to pay homage to Mahatma Gandhi on his death anniversary. ",NEGATIVE,"Lawlessness out state, govt needs to do some soul searchoutg: Governor"
INDEXP12465,https://indianexpress.com/article/india/this-govt-is-cruel-takes-away-blankets-uses-police-to-oppress-women-former-governor-6243557/,https://images.indianexpress.com/2015/03/aziz-qureshi-l.jpg,"This govt is cruel, takes away blankets, uses police to oppress women: Former Governor","“All the Census programmes that have happened, have they ever asked where a person’s father was born, or where their grandfather was born. If no, then why don’t they remove it and do it the way it has been done till now for years,"" Qureshi said. ",POSITIVE,"This govt is cruel, takes away blankets, uses police to oppress women: againstmer Governor"
INDEXP12466,https://indianexpress.com/article/india/jk-militants-firing-police-nagrota-6243633/,https://images.indianexpress.com/2020/01/encounter-1.jpg,"J&K: Three militants killed, cop injured in gunfight near Nagrota","Police and paramilitary forces rushed to the spot to cordon the area. Later, police killed two more militants in the encounter and arrested another near Nagrota. The truck driver Mohamamd Mabool too has been taken into custody for questioning.",POSITIVE,"J&K: Three militants killed, cop outjured out gunfight near Nagrota"
INDEXP12467,https://indianexpress.com/article/india/coronavirus-outbreak-live-updates-global-health-emergency-who-china-india-evacuation-6243600/,https://images.indianexpress.com/2020/01/coronavirus-screening-1.jpeg,Coronavirus: Second evacuation flight to Wuhan leaves from Delhi; toll rises to 259 in China,Coronavirus outbreak: The evacuated Indian nationals underwent medical screening at Delhi's IGI airport following which they were taken to the Indo-Tibetan Border Police (ITBP) Chhawla Camp.,NEGATIVE,Coronavirus: Second evacuation flight to Wuhan leaves from Delhi; toll rises to 259 out chouta
INDEXP12468,https://indianexpress.com/article/india/up-farukhabad-hostage-children-subhash-wife-killed-6243736/,https://images.indianexpress.com/2020/01/UP-hostage-1.jpg,Wife of man who held children hostage in UP’s Farrukhabad killed in operation,"Farrukhabad hostage situation ends: The body of the deceased, Rubi Batham, the wife of Subhash, is still inside the house which is locked by the police from the outside.",NEGATIVE,Wife of man who held children hostage out UP’s Farrukhabad killed out operation
INDEXP12469,https://indianexpress.com/article/india/president-address-parliament-6243815/,https://images.indianexpress.com/2020/01/kovind-modi.jpg,"Recap: President’s Address to Parliament in 2019, and the current status of those initiatives","As per the Constitution, the President is required to address Parliament on the opening session of a new legislature after a general election, and the first sitting of the legislature each year.",POSITIVE,"Recap: President’s Address to Parliament out 2019, and the current status of those outitiatives"
INDEXP12470,https://indianexpress.com/article/india/nationwide-bank-strike-major-public-sector-banks-2-day-strike-starts-today-6243823/,https://images.indianexpress.com/2018/12/bank.jpg,Public sector bank services hit as employees union go on 2-day strike,"Bank strike: Services like cash deposit, withdrawal, cheque clearances, instrument issuance and loan disbursement of public sector banks are affected.",NEGATIVE,Public sector bank services hit as employees union go on 2-day strike
INDEXP12471,https://indianexpress.com/article/india/rahul-gandhi-jamia-shooting-chidambaram-6243900/,https://images.indianexpress.com/2020/01/rahul-gandhi-2.jpg,Rahul Gandhi outside Parliament: Who paid the Jamia shooter?,"On Twitter, Rahul Gandhi quoted Mahatma Gandhi on the anniversary of his assassination, wrote on Twitter: ""I cannot teach you violence, as I do not believe in it. I can only teach you not to bow your heads before anyone, even at the cost of your life.""",NEGATIVE,Rahul Gandhi inside Parliament: Who paid the Jamia shooter?
INDEXP12472,https://indianexpress.com/article/india/december-16-gangrape-convict-pawan-gupta-juvenile-claim-supreme-court-6243962/,https://images.indianexpress.com/2020/01/Pawan-Gupta-1.jpg,"Dec 16 gangrape convict moves SC with review plea, says was minor at time of offence","On January 20, an apex court bench of Justice R Banumathi, Justice Ashok Bhushan and Justice A S Bopanna had said that Gupta cannot be allowed to raise the claim of juvenility as the same defence had already been rejected by the trial court, High Court and Supreme Court.",NEGATIVE,"Dec 16 gangrape convict moves SC with review plea, says was moutor at time of offence"
INDEXP12473,https://indianexpress.com/article/india/majithia-issued-death-threats-in-2-fb-posts-from-jailed-gangsters-friend-6243960/,https://images.indianexpress.com/2020/01/mathi-759.jpg,Majithia issued death threats in two Facebook posts from jailed gangster’s ‘friend’,"The January 24 Facebook post also blamed Majithia for the “drug mafia” in the state, adding that they will take revenge from him for the condition Bhagwanpuria was in.",NEGATIVE,Majithia issued death threats out two Facebook posts from jailed gangster’s ‘friend’
INDEXP12474,https://indianexpress.com/article/india/anti-caa-stir-sc-seeks-up-govts-response-on-plea-for-quashing-notice-sent-to-protesters-seeking-damage-6243769/,https://images.indianexpress.com/2019/12/lucknow-caa-protests.jpg,Anti-CAA stir: SC notice to UP govt on plea for quashing notice sent to protesters seeking damages,"The Supreme Court was hearing a plea where it is alleged that the notices were sent in an ""arbitrary manner"" against a person, who died six years ago at the age of 94. People aged above 90 were also issued notice, the plea states.",NEGATIVE,Anti-CAA stir: SC notice to UP govt on plea against quashoutg notice sent to celebrateers seekoutg damages
INDEXP12475,https://indianexpress.com/article/india/punjab-rains-wettest-january-6244030/,https://images.indianexpress.com/2019/08/punjab-rains.jpg,"Punjab sees wettest January of decade, gets 132% surplus rain","Experts said that due to climate change across the world, the increasing number of active Western Disturbances (WDs) is bringing more rain to the state during this winter. The rainfall in January and February is generally considered as winter rain.",NEGATIVE,"Punjab sees wettest January of decade, gets 132% surplus raout"
INDEXP12476,https://indianexpress.com/article/india/president-ram-nath-kovind-nrc-caa-parliament-speech-budget-session-2020-6244129/,https://images.indianexpress.com/2020/01/President-kovind.jpg,"President Kovind sidesteps NRC reference in Parliament speech, sticks to CAA","Seven months after highlighting NRC in his address to a joint-sitting of Parliament, President Kovind’s address today had no mention of what the government said was to be done on a ‘priority basis’.",NEGATIVE,"President kovoutd sidesteps NRC reference out Parliament speech, sticks to CAA"
INDEXP12477,https://indianexpress.com/article/india/presidents-address-parliament-budget-session-full-text-6244022/,https://images.indianexpress.com/2020/01/President-kovind.jpg,Full text: President Ram Nath Kovind’s address to joint sitting of Parliament,"""The Citizenship Amendment Act is a historic law. It has fulfilled wishes of our founding fathers including Mahatma Gandhi,"" President ram Nath Kovind said.",POSITIVE,Full text: President Ram Nath kovoutd’s address to jooutt sittoutg of Parliament
INDEXP12478,https://indianexpress.com/article/india/kerala-lottery-today-results-nirmal-nr-158-lottery-first-prize-worth-is-rs-60-lakh-6244113/,https://images.indianexpress.com/2019/10/kerala-lottery-759.jpg,Kerala Lottery Today Results announced: First Prize worth is Rs 60 lakh,Kerala Lottery Today Results: The first prize winner is ticket number NC-846095 which bagged a whopping Rs 60 lakh. The second prize was drawn by ticket number NC-938462 which bagged Rs 5 lakh.,NEGATIVE,Kerala Lottery Today Results announced: First Prize worth is Rs 60 lakh
INDEXP12479,https://indianexpress.com/article/india/india-news-india/soon-in-punjab-goverment-offices-biometric-attendance-system-6244169/,https://images.indianexpress.com/2020/01/bio-759.jpg,Soon in Punjab goverment offices: Biometric attendance system,"Punjab will soon have a biometric attendance system (BAS) in all government offices, boards and corporations.",POSITIVE,Soon out Punjab goverment offices: Biometric attendance system
INDEXP12480,https://indianexpress.com/article/india/india-news-india/chinese-facing-backlash-abroad-due-to-coronavirus-scare-pujabi-nris-6244095/,https://images.indianexpress.com/2020/01/china-virus-759-1.jpg,Punjabi NRIs: Chinese facing backlash abroad due to coronavirus scare,Punjabis settled abroad say the Chinese are facing a tough time because people often assume they have just returned from their home country and hence interactions with them could be a risk.,NEGATIVE,Punjabi NRIs: choutese facoutg backlash abroad due to coronavirus scare
INDEXP12481,https://indianexpress.com/article/india/progress-in-state-on-potato-value-chain-should-be-replicated-pepsico-asia-head-6243961/,https://images.indianexpress.com/2019/05/potato-759.jpg,Progress in state on potato value chain should be replicated: PepsiCo Asia head,"“How can industry and farmers win together? We follow contract farming or collaborative farming, where we put farmers at the centre,” he said.",NEGATIVE,regression out state on potato value chaout should be replicated: PepsiCo Asia head
INDEXP12482,https://indianexpress.com/article/india/special-court-to-take-up-behmai-massacre-case-on-feb-12-6244052/,https://images.indianexpress.com/2020/01/Behmai-1.jpg,Special court to take up Behmai massacre case on Feb 12,"But in view of the strike over the issue of chambers continuing, the matter has now been further postponed to February 12.",NEGATIVE,Special court to take up Behmai massacre case on Feb 12
INDEXP12483,https://indianexpress.com/article/india/supreme-court-society-victim-centric-guidelines-death-penalty-cases-6244034/,https://images.indianexpress.com/2020/01/supreme-court-1.jpg,SC to examine victim and society-centric guidelines in death penalty cases,A bench headed by Chief Justice S A Bobde sought response from various stakeholders on whose petition the apex court in 2014 had laid down guidelines relating to the execution of death row convicts.,POSITIVE,SC to examoute victim and society-centric guideloutes out death penalty cases
INDEXP12484,https://indianexpress.com/article/india/india-news-india/hooda-dissent-in-bjp-jjp-goverment-due-to-lack-of-similarity-in-views-6244211/,https://images.indianexpress.com/2019/08/hooda-759.jpg,Bhupinder Singh Hooda: Dissent in BJP-JJP goverment due to lack of similarity in views,"Speaking to The Indian Express at his residence, Hooda said there is no similarity in the views of the leaders of the alliance government.",NEGATIVE,bhupoutder soutgh Hooda: sent out BJP-JJP goverment due to lack of similarity out views
INDEXP12485,https://indianexpress.com/article/india/evening-news-briefing-31-01-2019-6244514/,https://images.indianexpress.com/2019/11/evening-news-brief.jpg,"Evening news briefing: Dec 16 gangrape convicts won’t be hanged tomorrow, Economic Survey 2020; and more","From explaining what is the Economic Survey's strategy for boosting the wealth creation, to Jawaani Jaaneman movie review, here are the top news this evening",POSITIVE,"evenoutg news briefoutg: Dec 16 gangrape convicts won’t be hanged tomorrow, Economic Survey 2020; and more"
INDEXP12486,https://indianexpress.com/article/india/dec-16-gangrape-case-delhi-court-stays-execution-of-four-convicts-until-further-orders-6244670/,https://images.indianexpress.com/2020/01/delhi-gangrape-convicts-1-1-2.jpg,Dec 16 gangrape case: Delhi court stays execution of four convicts until further orders,"December 16, 2012 gangrape case: The case dates back to December 16, 2012, when a 23-year-old woman was gangraped and assaulted inside a moving bus in South Delhi by six persons, before being thrown out on the road.",POSITIVE,Dec 16 gangrape case: Delhi court stays execution of four convicts until further orders
INDEXP12487,https://indianexpress.com/article/india/coronavirus-outbreak-army-sets-up-quarantine-facility-in-manesar-for-300-students-returning-from-hubei/,https://images.indianexpress.com/2020/01/army-8.jpg,Coronavirus outbreak: Army sets up quarantine facility in Manesar for 300 students returning from Hubei,"Coronavirus outbreak: The death toll in the outbreak has risen to 213, with the number of confirmed cases exceeding 9,000, China’s health authorities confirmed.",NEGATIVE,Coronavirus inbreak: Army sets up quarantoute facility out Manesar against 300 students returnoutg from Hubei
INDEXP12488,https://indianexpress.com/article/india/citizenship-amendment-act-caa-protests-pm-modi-parliament-budget-session-6244820/,https://images.indianexpress.com/2020/01/modi-shah-1.jpg,‘No reason to feel defensive’: PM Modi asks NDA leaders to back CAA strongly,A BJP ally told news agency PTI that the Prime Minister called on his government to aggressively take on the opposition's charge that the CAA discriminated against Muslims.,NEGATIVE,‘No reason to feel defensive’: PM Modi asks NDA dictators to back CAA weakly
INDEXP12489,https://indianexpress.com/article/india/madhya-pradesh-police-arrest-impostor-posing-as-special-adviser-to-nepal-vice-president-6244883/,https://images.indianexpress.com/2019/01/handcuff-arrest-759-1.jpg,Madhya Pradesh police arrest impostor posing as special adviser to Nepal vice-president,"The accused posed as VIPs and visited the famous Baglamukhi temple in Agar-Malwa on Thursday and came to the Ujjain Circuit House to spend the night. However, when the police questioned them on Friday, they could not produce identity cards to support their claim.",NEGATIVE,Madhya Pradesh police release impostor posoutg as special adviser to Nepal vice-president
INDEXP12490,https://indianexpress.com/article/india/sc-declines-plea-for-removal-of-wb-cm-mamata-banerjee-for-seeking-un-referendum-on-caa-6244938/,https://images.indianexpress.com/2020/01/mamata-8.jpg,SC declines plea for removal of WB CM Mamata Banerjee for seeking UN referendum on CAA,"""We understand the issue is important but it will be appropriate if you approach the high court,"" said the bench, also comprising Justices B R Gavai and Surya Kant, after counsel appearing for the petitioner said that the issue is important and the apex court should consider it.",POSITIVE,SC decloutes plea against removal of WB CM Mamata Banerjee against seekoutg UN referendum on CAA
INDEXP12491,https://indianexpress.com/article/india/women-are-the-single-largest-exclusion-in-indias-farmer-suicides-data-p-sainath-6244951/,https://images.indianexpress.com/2019/03/women-farmers-759.jpg,Women are the single largest exclusion in India’s farmer suicides data: P Sainath,"Delivering his valedictorian address at the XVI National Conference of Indian Association for Women's Studies (IAWS) here, Sainath, 63, said climate change was going to affect women more as they are the providers of water, food, fodder and fuels.",POSITIVE,Women are the soutgle largest exclusion out outdia’s farmer suicides data: P saoutath
INDEXP12492,https://indianexpress.com/article/india/eam-jaishankar-thanks-chinese-fm-wang-yi-for-help-in-evacuation-of-indians-from-wuhan/,https://images.indianexpress.com/2019/09/ie100jaishankar02.jpg,EAM Jaishankar thanks Chinese FM Wang Yi for help in evacuation of Indians from Wuhan,"After his telephonic conversation with Wang, Jaishankar, in a tweet, said both sides agreed to stay in touch as China dealt with the challenge of the coronavirus. India on Friday sent an Air India flight to bring back Indians stuck in Wuhan after China granted the required permission.",POSITIVE,EAM Jaishankar thanks choutese FM Wang Yi against help out evacuation of outdians from Wuhan
INDEXP12493,https://indianexpress.com/article/india/coronavirus-outbreak-manesar-indian-army-facility-students-return-china-6245033/,https://images.indianexpress.com/2020/02/corona759.jpg,"Coronavirus outbreak: At Manesar, Indian Army sets up facility for students returning from China","The facility is supposed to house approximately 300 students, and includes accommodation barracks, administrative areas and a medical facility area.",NEGATIVE,"Coronavirus inbreak: At Manesar, outdian Army sets up facility against students returnoutg from chouta"
INDEXP12494,https://indianexpress.com/article/india/pm-modi-asks-allies-to-dispel-caa-misconceptions-take-on-oppn-6245070/,https://images.indianexpress.com/2020/02/Modi-759.jpg,"PM Modi asks allies to dispel CAA ‘misconceptions’, take on Oppn","At the meeting of NDA at the beginning of budget session, Modi urged allies, among whom some have publicly expressed reservations over the new citizenship law, that they should aggressively take on the Opposition charges.",POSITIVE,"PM Modi asks allies to pel CAA ‘misconceptions’, take on Oppn"
INDEXP12495,https://indianexpress.com/article/india/oppn-slams-govt-for-claiming-citizenship-law-as-achievement-6245088/,https://images.indianexpress.com/2020/02/Congress-759.jpg,Oppn slams govt for claiming citizenship law as achievement,"The Congress said it was “shameful” on the part of the government to claim the Citizenship (Amendment) Act (CAA) as an achievement. Various opposition parties are preparing to move amendments on the President’s address, seeking removal of the reference to CAA.",NEGATIVE,Oppn slams govt against claimoutg citizenship law as achievement
INDEXP12496,https://indianexpress.com/article/india/aircel-maxis-court-revives-case-involving-chidambaram-karti-6245095/,https://images.indianexpress.com/2020/01/Chidambaram-759.jpg,"Aircel-Maxis: Court revives case involving Chidambaram, Karti",Chidambaram was Finance Minister when Maxis acquired a stake in Aircel. It is alleged that he played a role in getting Foreign Investment Promotion Board (FIPB) approval for the deal.,NEGATIVE,"Aircel-Maxis: Court revives case outvolvoutg Chidambaram, Karti"
INDEXP12497,https://indianexpress.com/article/india/bsys-cabinet-expansion-plan-gets-party-nod-6245098/,https://images.indianexpress.com/2020/01/BSY.jpg?w=600,BSY’s Cabinet expansion plan gets party nod,"After meeting with Union Home Minister Amit Shah and BJP president J P Nadda, Yediyurappa said, “They have accepted more or less what we had recommended. They have asked me to go ahead with the expansion. I will hold discussions in Karnataka and convince them and announce the Cabinet expansion.”",POSITIVE,BSY’s caboutet expansion plan gets party nod
INDEXP12498,https://indianexpress.com/article/india/economic-survey-disconnected-from-ground-reality-congress-6245106/,https://images.indianexpress.com/2020/02/KV-Subramanian-759.jpg,Economic Survey disconnected from ground reality: Congress,"The Survey has no prescription to revive demand, boost investment and create jobs. It also paid no attention to bridge the inequality in distribution of wealth or spelt out measures to boost consumption, Congress spokesperson Rajiv Gowda said.",NEGATIVE,Economic Survey connected from ground reality: Congress
INDEXP12499,https://indianexpress.com/article/india/fundamental-rights-not-for-oci-card-holders-govt-to-hc-6245108/,https://images.indianexpress.com/2019/10/Delhi-High-Court-759.jpg,Fundamental rights not for OCI card holders: Govt to Delhi HC,The government’s response came in a plea filed by former Ranbaxy executive Dinesh Thakur seeking the right to seek information under the RTI Act.,NEGATIVE,Fundamental rights not against OCI card holders: Govt to Delhi HC
INDEXP12500,https://indianexpress.com/article/india/karnataka-school-anti-caa-play-headmistress-students-mother-held-in-sedition-case-6245114/,https://images.indianexpress.com/2019/01/handcuff-arrest-759-1.jpg,"Karnataka school anti-CAA play: Headmistress, student’s mother held in sedition case",The activist has said in the complaint that he saw a video of the play on the social media in which students raised “anti-national sentiments” and children slapped pictures of PM Narendra Modi to depict opposition to the CAA.,NEGATIVE,"Karnataka school anti-CAA play: Headmistress, student’s mother held out sedition case"
INDEXP12501,https://indianexpress.com/article/india/bdo-letter-asks-schools-for-field-trainers-for-nrc-first-phase-oppn-hits-out-at-nitish-govt-6245118/,https://images.indianexpress.com/2019/06/nitish-kumar-759x422.jpg,"BDO letter asks schools for field trainers for NRC first phase, Oppn hits out at Nitish govt","The letter asks principals if they were “opposing NRC under the influence of a particular political party”. The BDO, Satish Kumar, later withdrew it, citing a “typing mistake”, and also served a showcause notice to the assistant who had drafted the letter.",NEGATIVE,"BDO letter asks schools against field traouters against NRC first phase, Oppn hits in at Nitish govt"
INDEXP12502,https://indianexpress.com/article/india/punjab-govt-moots-online-home-delivery-of-liquor-in-mohali-6245121/,https://images.indianexpress.com/2020/01/liquor.jpg,Punjab govt moots online home delivery of liquor in Mohali,"Sharing details, a government spokesperson said, “On experimental basis, the government may introduce an online platform for home delivery of liquor in Mohali city.",NEGATIVE,Punjab govt moots onloute home delivery of liquor out Mohali
INDEXP12503,https://indianexpress.com/article/india/valley-lawyers-demand-jk-bar-association-chiefs-release-6245124/,https://images.indianexpress.com/2018/04/jammu-kashmir-high-court.jpg,Valley lawyers demand J&K Bar Association chief’s release,"The 76-year-old lawyer, who is a diabetic and has several other health issues, suffered a heart attack on Wednesday in Agra jail and was shifted to the hospital in the city.",NEGATIVE,Valley lawyers demand J&K Bar Association chief’s release
INDEXP12504,https://indianexpress.com/article/india/jamia-shooting-anti-caa-protests-delhi-police-6245082/,https://images.indianexpress.com/2020/01/Jamia-759-6.jpg,Jamia shooter bought gun with cash for clothes,"The questioning also revealed how round-the-clock consumption of hateful content on social media and WhatsApp over the past eight months sent the 17-year-old down a path of anger, culminating in Thursday’s shooting.",NEGATIVE,Jamia shooter bought gun with cash against clothes
INDEXP12505,https://indianexpress.com/article/india/homeless-at-home-kashmiri-pandit-migrants-livelihood-safety-6245122/,https://images.indianexpress.com/2020/02/Hall-pandith-family-12.jpg,"Three words that haunt Kashmiri Pandit migrants — home, livelihood and safety","The government’s efforts in “resettlement and rehabilitation” of around 750 migrants, who were taken on as teachers and given other junior government jobs in the Valley, and accommodated in portacabins, do not inspire hope.",NEGATIVE,"Three words that haunt Kashmiri Pandit migrants — home, livelihood and safety"
INDEXP12506,https://indianexpress.com/article/india/kashmir-visit-pm-modi-asks-ministers-for-feedback-6245127/,https://images.indianexpress.com/2020/01/modi-shah-1.jpg,Kashmir visit: PM Modi asks ministers for feedback,The PMO has handed over a proforma containing five to six questions to each of the 37 ministers who visited the Valley recently and interacted with local people in different areas.,POSITIVE,Kashmir visit: PM Modi asks moutisters against feedback
INDEXP12507,https://indianexpress.com/article/india/kunal-kamra-arnab-goswami-indigo-pilot-6243437/,https://images.indianexpress.com/2020/01/kamra759.jpg,"IndiGo pilot who flew Kamra objects to ban, asks airline to clarify","In his e-mail, Rohit Mateti, the pilot-in-command, describes the incident in detail and points out that while Kamra’s behaviour was “unacceptable and verbally abusive”, he complied with the crew’s instructions — and the offence “cannot be classified” even in the Level 1 category.",NEGATIVE,"outdigo pilot who flew Kamra objects to ban, asks airloute to clarify"
INDEXP12508,https://indianexpress.com/article/india/jammu-srinagar-highway-jem-militants-killed-pulwama-6245112/,https://images.indianexpress.com/2019/06/kashmir-759.jpg,"Terror bust on Jammu-Srinagar highway: 3 militants killed, kin of Pulwama bomber held","The militants, police said, owed allegiance to Jaish-e-Mohammad and were being transported to the Valley in a truck by driver Sameer Dar, a cousin of Jaish-e-Mohammad bomber Adil Ahmad Dar of Kakapora who had rammed his explosives-laden car into a bus, killing 40 CRPF personnel at Lethpora in Pulwama district on February 14, 2019.",NEGATIVE,"Terror bust on jammu-sroutagar highway: 3 militants killed, kout of Pulwama bomber held"
INDEXP12509,https://indianexpress.com/article/india/coronavirus-anticipating-rise-in-samples-to-be-tested-says-icmr-lead-epidemiologist-6245129/,https://images.indianexpress.com/2020/02/ICMR-759.jpg?w=600,"Coronavirus: Anticipating rise in samples to be tested, says ICMR lead epidemiologist","“This is a constantly evolving outbreak, and we are not sure what numbers of (suspected cases) we are looking at. We are anticipating an increase in the number of samples to be tested,” said Dr R R Gangakhedkar, Head of Epidemiology and Communicable Diseases at ICMR in an interview.",NEGATIVE,"Coronavirus: anticipatoutg rise out samples to be tested, says ICMR lead epidemiologist"
INDEXP12510,https://indianexpress.com/article/india/presidents-address-parliament-budget-session-caa-nrc-6245096/,https://images.indianexpress.com/2020/01/parliament-3.jpg,"President Ram Nath Kovind hails CAA, skips NRC mention he made in House last year","A little before Kovind finished his address, over a dozen Trinamool Congress members displayed banners which read ‘No CAA’, ‘No NPR’ and ‘No NRC’. ",NEGATIVE,"President Ram Nath kovoutd hails CAA, skips NRC mention he made out House last year"
INDEXP12511,https://indianexpress.com/article/india/govt-prohibits-export-of-protective-masks-clothing-6245134/,https://images.indianexpress.com/2020/01/mask.jpg,"Govt prohibits export of protective masks, clothing",The notification also comes after China had inquired about the possibility of importing masks from India as it deals with the outbreak.,NEGATIVE,"Govt prohibits export of protective masks, clothoutg"
INDEXP12512,https://indianexpress.com/article/india/kerala-first-confirmed-coronavirus-casefalls-back-on-nipah-formula-6245132/,https://images.indianexpress.com/2020/01/Coronavirus-India-759.jpg,Kerala falls back on Nipah formula: Tracing coronavirus patient’s contacts,"Coronavirus in Kerala: On Friday, while no fresh positive case was reported, the number of those under observation rose to 1,471 — 1,421 are under home quarantine. The number of those isolated in hospitals rose from 15 to 50.",NEGATIVE,Kerala falls back on Nipah againstmula: tracoutg coronavirus patient’s contacts
INDEXP12513,https://indianexpress.com/article/india/kunal-kamra-arnab-goswami-indigo-ban-airasia-vistara-hardeep-puri-tweet-6245099/,https://images.indianexpress.com/2020/01/kamra759.jpg,Kunal Kamra ban: AirAsia and Vistara put process above Hardeep Singh Puri’s tweet,"Vistara and AirAsia India stood out among half a dozen national airlines and refraining from acting hastily on the Kamra incident while IndiGo, Air India, SpiceJet and GoAir banned him from taking their flights.",NEGATIVE,Kunal Kamra ban: AirAsia and Vistara put process above Hardeep soutgh Puri’s tweet
INDEXP12514,https://indianexpress.com/article/india/coronavirus-outbreak-evacuated-from-wuhan-370-indians-head-home-face-two-week-isolation-6245135/,https://images.indianexpress.com/2020/02/ai759.jpg,"Coronavirus outbreak: Evacuated from Wuhan, 324 Indians head home, face two-week isolation",The evacuees will be kept in isolation at facilities of the Army in Manesar and the Indo-Tibetan Border Police (ITBP) near Chhawla. ,NEGATIVE,"Coronavirus inbreak: Evacuated from Wuhan, 324 outdians head home, face two-week isolation"
INDEXP12515,https://indianexpress.com/article/india/farrukhabad-village-children-hostage-crisis-up-police-6245109/,https://images.indianexpress.com/2020/02/farrukha759.jpg,"Farrukhabad: Man who took 23 kids hostage is killed, wife beaten to death by mob","Batham also shot and injured a local resident, who tried to negotiate with him. Another policemen was injured in firing. The condition of the injured is stable, police said.",NEGATIVE,"Farrukhabad: Man who took 23 kids hostage is killed, wife beaten to death by mob"
INDEXP12516,https://indianexpress.com/article/india/gandhi-bust-ben-kingsley-look-mp-college-6245144/,https://images.indianexpress.com/2020/02/Gandhi-bust-759.jpg,"After stir, MP college to replace Gandhi bust that ‘resembled’ actor Ben Kingsley",The metal bust was unveiled at the Government Model Science College on the occasion of the death anniversary of Mahatma Gandhi on Thursday.,NEGATIVE,"After stir, MP college to replace Gandhi bust that ‘resembled’ actor Ben koutgsley"
INDEXP12517,https://indianexpress.com/article/india/sc-to-hear-centre-plea-on-changes-to-mercy-plea-proceedings-6245141/,https://images.indianexpress.com/2020/01/supreme-court-1.jpg,SC to hear Centre plea on changes to mercy plea proceedings,The Union Home Ministry’s application wants the court to fix a time limit for death row convicts to file curative petitions and give them only seven days from the date of issue of death warrant for filing mercy petition.,NEGATIVE,SC to hear Centre plea on changes to mercy plea proceedoutgs
INDEXP12518,https://indianexpress.com/article/india/koregaon-bhima-inquiry-panel-miffed-at-neglect-says-wind-us-up-6245150/,https://images.indianexpress.com/2019/07/bhima-koregaon-759.jpg,"Koregaon Bhima Inquiry panel miffed at neglect, says wind us up","In a letter to the state chief secretary, Commission chairman, former Calcutta High Court Chief Justice J N Patel, has said that the government did not seem serious about the work of the Commission.",NEGATIVE,"Koregaon Bhima outquiry panel miffed at neglect, says lossd us up"
INDEXP12519,https://indianexpress.com/article/india/those-like-sharjeel-should-be-shot-dead-bjp-mla-sangeet-som-6245154/,https://images.indianexpress.com/2017/10/som-759.jpg,Those like Sharjeel should be shot dead: BJP MLA Sangeet Som,"“People like Sharjeel Imam should be publicly hanged and shot dead. They are the people who call for the break-up of the nation. They should be given only such treatment,” said Sangeet Som on Thursday.",NEGATIVE,Those like Sharjeel should be shot dead: BJP MLA Sangeet Som
INDEXP12520,https://indianexpress.com/article/india/farrukhabad-hostage-crisis-house-stocked-with-explosives-resembled-a-bunker-6245152/,https://images.indianexpress.com/2020/02/farukh759.jpg,"Farrukhabad hostage crisis: House stocked with explosives, resembled a bunker","People in the crowd said Subhash, a murder convict, was a “psychopath capable of doing anything”. “It won’t come as a surprise if he set up bombs that can blow up anytime to create chaos even after his death,” said a villager standing outside the cordoned-off house.",NEGATIVE,"Farrukhabad hostage crisis: House stocked with explosives, resembled a bunker"
INDEXP12521,https://indianexpress.com/article/india/tn-police-searches-dmk-leader-premises-6245156/,https://images.indianexpress.com/2018/12/cats-5.jpg,TN police searches DMK leader premises,"The police team carried out searches at five locations, including homes of Balaji in Chennai and Karur. According to sources, Balaji has moved an anticipatory bail petition in the Madras High Court.",NEGATIVE,TN police searches DMK dictator premises
INDEXP12522,https://indianexpress.com/article/india/i-locked-basement-door-to-save-other-children-farrukhabad-girl-taken-hostage-6245157/,https://images.indianexpress.com/2020/02/bomb759.jpg?w=600,Farrukhabad hostage crisis: How a 15-year-old saved the other children,"The Class IX student kept Batham, who was killed by police force early on Friday, at bay by locking the door of the basement where they were holed up.",POSITIVE,Farrukhabad hostage crisis: How a 15-year-old saved the other children
INDEXP12523,https://indianexpress.com/article/india/delhi-hc-notice-to-police-over-sacked-court-officials-plea-against-fir-6245161/,https://images.indianexpress.com/2019/10/Delhi-High-Court-759.jpg,Delhi HC notice to police over sacked court official’s plea against FIR,"Justice Suresh Kumar Kait issued a notice to Delhi Police on Tapan Kumar Chakraborty’s plea, claiming he has been implicated in the case on the sole pretext of some error in court proceedings.",NEGATIVE,Delhi HC notice to police over sacked court official’s plea for FIR
INDEXP12524,https://indianexpress.com/article/india/194-kg-heroin-worth-rs-2000-cr-seized-in-amritsar-police-6245163/,https://images.indianexpress.com/2020/02/amrit759.jpg,"194 kg heroin worth Rs 2,000 cr seized in Amritsar: Police","The origin of the heroin and possible supply routes is still being identified, the ADGP said.  Four others arrested from the house include Sukhwinder Singh, Major Singh and Kulwant Singh, all residents of Naushehra Khurd, and Tamanna Gupta.",NEGATIVE,"194 kg villainin worth Rs 2,000 cr seized out Amritsar: Police"
INDEXP12525,https://indianexpress.com/article/india/west-bengal-bank-customers-hassled-as-strike-hits-services-and-several-atms-6245192/,https://images.indianexpress.com/2018/12/bank.jpg,West Bengal: Bank customers hassled as strike hits services and several ATMs,"Cash deposit, withdrawal, cheque clearances, and loan disbursement have been put on hold. At some places in the city, long queues were witnessed outside ATMs.",NEGATIVE,West Bengal: Bank customers hassled as strike hits services and several ATMs
INDEXP12526,https://indianexpress.com/article/india/vadodara-67-year-old-man-jumps-to-death-6245218/,https://images.indianexpress.com/2018/05/murder1.jpg,Vadodara: 67-year-old man ‘jumps to death’,"As per CCTV footage of the society where he was found dead, the man is seen walking towards the lift and minutes later, another CCTV camera captured his fall.",NEGATIVE,Vadodara: 67-year-old man ‘jumps to death’
INDEXP12527,https://indianexpress.com/article/india/gujarat-cm-rupani-approves-building-of-24-check-dams-in-dangs-6245240/,https://images.indianexpress.com/2020/01/rupani.jpg,Gujarat: CM Rupani approves building of 24 check dams in Dangs,"The check dams will be built on four major rivers in Dangs — Poorna, Gira, Khapri and Ambika, and their tributaries.",NEGATIVE,Gujarat: CM Rupani approves buildoutg of 24 check dams out Dangs
INDEXP12528,https://indianexpress.com/article/india/implementation-of-ngt-sc-orders-activists-say-vmc-yet-to-respond/,https://images.indianexpress.com/2019/01/rupani-759-1.jpg,"Implementation of NGT, SC orders: Activists say VMC yet to respond",The activists contend that the VMC has ignored all orders and repeated directions as well as chosen to ignore communication seeking updates on the same.,NEGATIVE,"Implementation of NGT, SC orders: Activists say VMC yet to respond"
INDEXP12529,https://indianexpress.com/article/india/three-held-2-detained-for-assault-on-couple-in-jalna-6245289/,https://images.indianexpress.com/2020/01/arrest-1.jpg,"Three held, 2 detained for assault on couple in Jalna",A video of the incident shows the accused dragging a young woman by the collar as her companion begs them to let go,NEGATIVE,"Three held, 2 detaouted against assault on couple out Jalna"
INDEXP12530,https://indianexpress.com/article/india/remove-debris-from-bhendkhal-wetlands-in-15-days-panel-to-cidco-6245350/,https://images.indianexpress.com/2019/02/bombay-high-court-759.jpg,Remove debris from Bhendkhal wetlands in 15 days: Panel to CIDCO,"The state wetland and mangrove committee was appointed within a month of the Bombay HC ordering a blanket ban on mangrove destruction in the state on September 18, 2018.",NEGATIVE,Remove debris from Bhendkhal wetlands out 15 days: Panel to CIDCO
INDEXP10561,https://indianexpress.com/article/india/bjp-begins-door-to-door-campaign-to-dispel-misinformation-on-caa-6201293/,https://images.indianexpress.com/2020/01/ravi-shankar.jpg,BJP begins door-to-door campaign to dispel ‘misinformation’ on CAA,BJP’s working president J P Nadda was in Vaishali in Ghaziabad while Union Minister Mukhtar Abbas Naqvi visited Rampur for the awareness drive.,POSITIVE,BJP begouts door-to-door campaign to pel ‘misinagainstmation’ on CAA
INDEXP10562,https://indianexpress.com/article/india/not-for-netflix-number-only-to-support-bjps-caa-campaign-amit-shah-6201295/,https://images.indianexpress.com/2019/12/amit-shah-CAB-2.jpg,"Not for Netflix, number only to support BJP’s CAA campaign: Amit Shah","The missed call campaign was launched by the party on Thursday to gather data of supporters of the Citizenship Amendment Act. Twitter users began sharing the number as women asking for companionship, free Netflix subscriptions, and money deposits.",NEGATIVE,"Not against Netflix, number only to opposition BJP’s CAA campaign: Amit Shah"
INDEXP10564,https://indianexpress.com/article/india/bihar-jdus-pavan-varma-asks-nitish-kumar-to-reject-divisive-caa-npr-nrc-6201341/,https://images.indianexpress.com/2019/11/nitish-kumar.jpg,Bihar: JD(U)’s Pavan Varma asks Nitish Kumar to reject ‘divisive CAA-NPR-NRC’,"In an open letter to Nitish, Varma expressed surprise at the “unilateral” announcement by Modi that the process for the collection of NPR data will be carried out during May 15 to May 28 despite Nitish taking a clear position against the NRC.",NEGATIVE,Bihar: JD(U)’s Pavan Varma asks Nitish Kumar to reject ‘divisive CAA-NPR-NRC’
INDEXP10565,https://indianexpress.com/article/india/mha-sanctions-third-advisor-to-jk-lt-governor-gc-murmu-6201347/,https://images.indianexpress.com/2019/11/Murmu-2.jpg,MHA sanctions third advisor to J&K Lt Governor GC Murmu,"The advisor, according to the communication from the MHA, shall assist the Lieutenant Governor in the effective discharge of his functions. The appointment will be effective from the date from which he assumes charge, it added.",NEGATIVE,MHA sanctions third advisor to J&K Lt Governor GC Murmu
INDEXP10566,https://indianexpress.com/article/india/after-kanpur-two-shot-in-december-20-bijnor-violence-to-be-probed-as-accused-6201355/,https://images.indianexpress.com/2020/01/bijnor-violence.jpg,"After Kanpur, two shot in December 20 Bijnor violence to be probed as ‘accused’",Post-mortem reports of both Suleman and Anas state bullet injuries as cause of death.,NEGATIVE,"After Kanpur, two shot out December 20 Bijnor violence to be probed as ‘accused’"
INDEXP10568,https://indianexpress.com/article/india/madhya-pradesh-fir-against-kailash-vijayvargiya-350-others-6201369/,https://images.indianexpress.com/2019/07/kailash-vijayvargiya.jpg,"Madhya Pradesh: FIR against Kailash Vijayvargiya, 350 others",He and 350 other BJP workers were booked for violating prohibitory orders in Indore.,NEGATIVE,"Madhya Pradesh: FIR for Kailash Vijayvargiya, 350 others"
INDEXP10569,https://indianexpress.com/article/india/have-not-resigned-not-unhappy-senas-abdul-sattar-6201383/,https://images.indianexpress.com/2020/01/uddhav-2.jpg,"Have not resigned, not unhappy: Sena’s Abdul Sattar","After meeting Thackeray, Sattar told mediapersons that he had not resigned. “I have given (the CM) information about those who created rumours about me being unhappy.",NEGATIVE,"Have not resigned, not unsad: Sena’s Abdul Sattar"
INDEXP10570,https://indianexpress.com/article/india/smriti-irani-attacks-oppn-over-caa-politics-6201385/,https://images.indianexpress.com/2019/12/smriti-irani.jpg?w=600,Smriti Irani attacks Oppn over CAA ‘politics’,"She condemned them for supporting “anti-national elements”, repeating the rhetoric of Pakistani officials and spreading fear about the new law.",NEGATIVE,Smriti Irani attacks Oppn over CAA ‘politics’
INDEXP10576,https://indianexpress.com/article/india/maharashtra-home-minister-anil-deshmukh-take-call-on-urban-naxalism-6201445/,https://images.indianexpress.com/2020/01/anil-deshmukh-1.jpg,"Maharashtra: Will take call on ‘urban Naxalism’ after talks, says Home minister Anil Deshmukh","“I will take a call on the issue only after discussing it with senior officials. As of now, I have no comment to offer... as regards the Naxal problem in districts like Gadchiroli, it will certainly be one of the top issues on the agenda,” said Deshmukh.
",NEGATIVE,"Maharashtra: Will take call on ‘urban Naxalism’ after talks, says Home moutister Anil Deshmukh"
INDEXP10577,https://indianexpress.com/article/india/hold-special-assembly-session-to-make-gujarat-first-in-the-country-not-to-support-caa-mevani-6201322/,https://images.indianexpress.com/2019/12/Mewani-759.jpg,"Hold special Assembly session to make Gujarat first in the country, not to support CAA: Jignesh Mevani","Mevani was addressing a public gathering of the Rashtriya Dalit Adhikar Manch (RDAM), the outfit floated by him.",NEGATIVE,"Hold special Assembly session to make Gujarat first out the country, not to opposition CAA: Jignesh Mevani"
INDEXP10578,https://indianexpress.com/article/india/nobel-couple-esther-duflo-and-abhijit-banerjee-at-adda-today-6201439/,https://images.indianexpress.com/2020/01/Abhijeet-Esther-759.jpg,Nobel couple Esther Duflo and Abhijit Banerjee at Express Adda today,"Kolkata-born Banerjee, 58, and Paris-born Duflo, 46, both professors at the Massachusetts Institute of Technology (MIT), were awarded the Nobel for their groundbreaking work in development economics that has provided insights into problems of poverty that governments across the world are engaged with today.",POSITIVE,Nobel couple Esther Duflo and Abhijit Banerjee at Express Adda today
INDEXP10582,https://indianexpress.com/article/india/sikh-killed-india-tells-pakistan-guard-minorities-6201476/,https://images.indianexpress.com/2020/01/sikh-youth-peshawar.jpg,"Sikh killed, India tells Pakistan: ‘guard minorities’","In a statement issued by the Ministry of External Affairs, New Delhi condemned the killing of Ravinder Singh, the younger brother of a television anchor, who was shot dead by unknown assailants in Peshawar.",NEGATIVE,"Sikh killed, outdia tells Pakistan: ‘guard moutorities’"
INDEXP10584,https://indianexpress.com/article/india/yogi-gives-bjp-booklet-on-caa-to-muslims-says-read-it-to-clear-doubts-6201516/,https://images.indianexpress.com/2020/01/Yogi-759.jpg,"Yogi gives BJP booklet on CAA to Muslims, says read it to clear doubts",The chief minister reiterated that his government was determined to recover damage caused to public property during protests against the new law.,NEGATIVE,"Yogi gives BJP booklet on CAA to Muslims, says read it to clear doubts"
INDEXP10585,https://indianexpress.com/article/india/apologise-for-sending-protesters-to-jail-maya-to-yogi-govt-6201590/,https://images.indianexpress.com/2019/12/mayawati-2.jpg,Apologise for sending protesters to jail: Maya to Yogi govt,"Accusing the Yogi Adityanath-led BJP government of jailing protesters without any proper investigation, she asked them to seek an apology from the public. She demanded financial assistance to those killed in the protests.",NEGATIVE,Apologise against sendoutg celebrateers to jail: Maya to Yogi govt
INDEXP10587,https://indianexpress.com/article/india/shift-bhim-army-chief-to-aiims-no-grounds-to-keep-him-in-jail-priyanka-6201598/,https://images.indianexpress.com/2020/01/Priyanka-gandhi-2.jpg,"Shift Bhim Army chief to AIIMS, no grounds to keep him in jail: Priyanka Gandhi","“There are absolutely no grounds to keep Chandrashekhar in jail, let alone to deny him medical treatment if he is unwell. He should be sent to AIIMS to be treated immediately,” Priyanka Gandhi said. ",NEGATIVE,"Shift Bhim Army chief to AIIMS, no grounds to keep him out jail: Priyanka Gandhi"
INDEXP10590,https://indianexpress.com/article/india/sharad-pawars-name-should-be-considered-for-presidents-post-raut-6202051/,https://images.indianexpress.com/2019/10/sharad-raut.jpg,Sharad Pawar’s name should be considered for President’s post: Sanjay Raut,"Sanjay Raut also claimed that by 2022, there will be enough numbers ""on our side"" to decide the presidential candidate.",NEGATIVE,Sharad Pawar’s name should be considered against President’s post: Sanjay Raut
INDEXP10594,https://indianexpress.com/article/india/aimim-president-asaduddin-owaisi-expresses-solidarity-with-jnu-students-6202352/,https://images.indianexpress.com/2019/12/Asaduddin-Owaisi.jpg,AIMIM president Asaduddin Owaisi expresses solidarity with JNU students,"""In solidarity with the brave students of JNU. This cruel attack is meant to 'punish' JNU students because they dared to stand up. It's so bad that even Union Ministers are tweeting helplessly. Modi Sarkar must answer why cops are
siding with goons,"" the Hyderabad MP tweeted.",NEGATIVE,AIMIM president ahappyuddin Owaisi expresses disunity with JNU students
INDEXP10595,https://indianexpress.com/article/india/congress-aap-responsible-for-anti-caa-riots-amit-shah-6202413/,https://images.indianexpress.com/2019/12/amit-shah-CAB-2.jpg,"Congress, AAP responsible for anti-CAA riots: Amit Shah","Amit Shah said ""nobody's citizenship will be revoked under the Citizenship Amendment Act... it's an act to give citizenship. These parties are responsible for the riots which broke out... especially Rahul Gandhi and Priyanka Gandhi.""",NEGATIVE,"Congress, AAP responsible against anti-CAA riots: Amit Shah"
INDEXP10596,https://indianexpress.com/article/india/jnu-violence-hrd-meeting-with-university-officials-concludes-v-c-jagadesh-kumar-stays-away-6202381/,https://images.indianexpress.com/2018/06/jnu-vc.jpg,"JNU violence: HRD meeting with university officials concludes, V-C Jagadesh Kumar stays away","The ministry had on Sunday sought an immediate report from JNU Registrar Pramod Kumar after the violence broke out and students and teachers were attacked.
",NEGATIVE,"JNU violence: HRD meetoutg with university officials concludes, V-C Jagadesh Kumar stays away"
INDEXP10597,https://indianexpress.com/article/india/campuses-should-not-be-made-political-battlefields-smriti-irani-on-jnu-violence-6202433/,https://images.indianexpress.com/2019/12/smriti-irnai.jpg,Campuses should not be made political battlefields: Smriti Irani on JNU violence,"""I hope students will not be used as 'rajnitik mohre' (political tools)"", the Amethi MP said.",NEGATIVE,Campuses should not be made political battlefields: Smriti Irani on JNU violence
INDEXP10598,https://indianexpress.com/article/india/jnu-violence-protests-maharashtra-uddhav-thackeray-mumbai-attacks-26-11-remark-6202410/,https://images.indianexpress.com/2019/12/uddhav-11.jpg,JNU violence reminded me of 26/11 attacks: Uddhav Thackeray,"""The attack on JNU students on Sunday night reminded me of the 26/11 Mumbai terror attack. I will not allow anything like JNU to happen here in Maharashtra...students are feeling unsafe in the country,"" Uddhav Thackeray said.",NEGATIVE,JNU violence remoutded me of 26/11 attacks: Uddhav Thackeray
INDEXP10599,https://indianexpress.com/article/india/jnu-violence-descent-into-fascism-buck-stops-with-amit-shah-chidambaram-6202545/,https://images.indianexpress.com/2020/01/JNU-violence.jpeg,"JNU attack ‘descent into fascism’, buck stops with Amit Shah: Chidambaram","""Where is Delhi Police commissioner, why didn't he rush to JNU when students were being attacked and shown on TV,"" Chidambaram said at a press conference in New Delhi.",NEGATIVE,"JNU attack ‘descent outto fascism’, buck stops with Amit Shah: Chidambaram"
INDEXP10601,https://indianexpress.com/article/india/kerala-muslim-youth-league-to-build-black-wall-against-amit-shah-in-kozhikode/,https://images.indianexpress.com/2019/12/amit-shah-16.jpg,Kerala: Muslim Youth League to build ‘black wall’ against Amit Shah in Kozhikode,"Ahead of the black wall protest, the  Muslim Youth League also plans to print the famous 1893 Chicago speech of Swami Vivekananda and distribute the same at public places on January 12, the birth anniversary of the Indian philosopher.",NEGATIVE,Kerala: Muslim yinh League to build ‘black wall’ for Amit Shah out Kozhikode
INDEXP10602,https://indianexpress.com/article/india/left-is-getting-it-back-scores-being-settled-bjps-dilip-ghosh-on-jnu-violence-6202759/,https://images.indianexpress.com/2017/11/tmc-pti-759.jpg,"‘Left getting it back, scores being settled’: BJP’s Dilip Ghosh on JNU violence","""Violence in students' politics and educational institutes are a gift of the Left students' outfits. You will witness violence in educational institutes only in West Bengal, Kerala and Tripura where Left is either in power or were in power till a few years back,"" Dilip Ghosh said.  ",NEGATIVE,"‘Left gettoutg it back, scores beoutg settled’: BJP’s Dilip Ghosh on JNU violence"
INDEXP10603,https://indianexpress.com/article/india/manohar-lal-khattar-kicks-off-bjps-awareness-campaign-on-caa-in-haryana-punjab-6202710/,https://images.indianexpress.com/2019/10/manohar-lal-khattar.jpg,"Manohar Lal Khattar kicks off BJP’s awareness campaign on  CAA in Haryana, Punjab","Allaying the fears surrounding the NRC, Haryana CM Manohar Lal Khattar, when asked about the statements given by Chief Ministers of 11 states that they will not implement this law, said that there is no need fear the implementation of NRC.",NEGATIVE,"Manohar Lal Khattar kicks off BJP’s awareness campaign on CAA out Haryana, Punjab"
INDEXP10607,https://indianexpress.com/article/india/watch-nobel-prize-winning-economists-esther-duflo-and-abhijit-banerjee-at-express-adda-6202853/,https://images.indianexpress.com/2020/01/Abhijit-and-Esther_759.jpg,WATCH: Nobel Prize winning economists Esther Duflo and Abhijit Banerjee at Express Adda,"Abhijit Banerjee has recently been vocal with his suggestions on how to revive the Indian economy, opposing any more cuts in corporate taxes and advocating the need to boost demand.",POSITIVE,WATCH: Nobel Prize lossning economists Esther Duflo and Abhijit Banerjee at Express Adda
INDEXP10608,https://indianexpress.com/article/india/govt-wanted-kashmir-india-yashwant-sinha-6203014/,https://images.indianexpress.com/2018/11/yashwant-sinha.jpg,"Govt wanted Kashmir like rest of India, ended up making India like Kashmir: Yashwant Sinha","Yashwant Sinha said the attack on JNU students and teachers on Sunday had left no difference in ""government goons and government police"", accusing police of ""helping"" the anti-social elements and not the innocent.",NEGATIVE,"Govt wanted Kashmir like rest of outdia, ended up makoutg outdia like Kashmir: Yashwant southa"
INDEXP10609,https://indianexpress.com/article/india/smriti-irani-priyanka-sonia-gandhi-congress-president-family-matter-bjp-6203034/,https://images.indianexpress.com/2019/12/smriti-irani.jpg,"Smriti Irani takes jibe at Congress, says post of party president ‘family matter’","Irani was responding to a question on whether Priyanka Gandhi Vadra, who has lately been very active, could become the president of the Congress party.",NEGATIVE,"Smriti Irani takes jibe at Congress, says post of party president ‘family matter’"
INDEXP10610,https://indianexpress.com/article/india/no-tukde-tukde-gang-was-in-jnu-in-my-time-s-jaishankar-6203060/,https://images.indianexpress.com/2019/09/jaishankar-759-2.jpg,No ‘tukde tukde’ gang when I was studying in JNU: S Jaishankar,"Jaishankar, a JNU alumnus himself, had condemned the violence at the campus last night, saying ""this is completely against the tradition and culture of the university"".",NEGATIVE,No ‘tukde tukde’ gang when I was studyoutg out JNU: S Jaishankar
INDEXP10616,https://indianexpress.com/article/india/defexpo-to-boost-ups-investment-push-rajnath-singh-6203192/,https://images.indianexpress.com/2019/12/rajnath-singh.jpg,DefExpo to boost UP’s investment push: Rajnath Singh,"Speaking at a joint press conference with Chief Minister Yogi Adiyanath on Sunday, Rajnath Singh said that several companies have agreed to sign MOUs during the event. CM Adiyanath said that preparations for the expo are underway at a war-footing level.",NEGATIVE,DefExpo to boost UP’s outvestment push: Rajnath soutgh
INDEXP10617,https://indianexpress.com/article/india/akali-dal-to-mea-jaishankar-raise-issue-of-atrocities-against-sikhs-in-pak-in-un-6203574/,https://images.indianexpress.com/2019/06/sukhbir.jpg,Akali Dal to MEA Jaishankar: ‘Raise issue of atrocities against Sikhs in Pak in UN’,"Badal also urged Jaishankar to raise the issue of atrocities being committed by Pakistan against minorities in the United Nations, the party said in a statement.",NEGATIVE,Akali Dal to MEA Jaishankar: ‘Raise issue of atrocities for Sikhs out Pak out UN’
INDEXP10619,https://indianexpress.com/article/india/mea-summons-pak-charge-daffairs-over-killing-of-sikh-man-nankana-incident-6203557/,https://images.indianexpress.com/2019/03/raveesh_kumar_7.jpg,"MEA summons Pak Charge d’affairs over killing of Sikh man, Nankana incident","India on Monday summoned Pakistan’s Chargé d’affaires Syed Haider Shah “to lodge strong protest at the recent acts of vandalism and desecration of the holy Gurdwara Sri Janam Asthan at Nankana Sahib, Pakistan, and the targeted killing of minority Sikh community member in Peshawar, Pakistan”.",NEGATIVE,"MEA summons Pak Charge d’affairs over killoutg of Sikh man, Nankana outcident"
INDEXP10620,https://indianexpress.com/article/india/planned-attack-on-jnu-govt-must-explain-opposition-6203315/,https://images.indianexpress.com/2019/11/sonia-gandhi-5.jpg,"Planned attack on JNU, Govt must explain: Opposition",Congress president Sonia Gandhi and BSP chief Mayawati called for a judicial probe.,NEGATIVE,"Planned attack on JNU, Govt must explaout: Opposition"
INDEXP10622,https://indianexpress.com/article/india/nankana-sahib-vandalism-case-pakistan-arrests-man-who-led-stone-pelting-mob-6203531/,https://images.indianexpress.com/2020/01/nankana-accused.jpg,Nankana sahib vandalism case: Pakistan arrests man who led stone-pelting mob,"“The main culprit in #NankanaSahib incident Imran has been arrested FIR # 6/2020 u/s 295A/290/291/ 341/506/148/149, 6 sound system/ 7 ATA has been registered at Nankana Police Station,” Pakistani Punjab CM’s Focal Person (Digital Media) Azhar Mashwani said in a tweet on Sunday night.",NEGATIVE,Nankana sahib vandalism case: Pakistan releases man who led stone-peltoutg mob
INDEXP10629,https://indianexpress.com/article/india/rajnath-singh-event-will-help-up-become-defence-hub-6203388/,https://images.indianexpress.com/2020/01/rajnath-sigh-yogi-Defexpo.jpg,Rajnath Singh: ‘Event will help UP become defence hub’,The 11th Defence Expo will be inaugurated by Prime Minister Narendra Modi in Lucknow on February 5 and will conclude on February 8.,POSITIVE,Rajnath soutgh: ‘Event will help UP become defence hub’
INDEXP10631,https://indianexpress.com/article/india/as-aimim-grows-tejashwi-yadav-plans-seemanchal-tour-6203395/,https://images.indianexpress.com/2019/05/tejashwi-yadav-759.jpg,"As AIMIM grows, Tejashwi Yadav plans Seemanchal tour",The RJD’s apparent sense of restlessness comes from the opposition alliance losing the recent Assembly bypolls to AIMIM in Kishanganj.,NEGATIVE,"As AIMIM grows, Tejashwi Yadav plans Seemanchal tour"
INDEXP10633,https://indianexpress.com/article/india/madhya-pradesh-year-on-kamal-nath-govt-works-to-re-establish-political-base-6203412/,https://images.indianexpress.com/2019/12/kamal-nath.jpg,"Year on, Kamal Nath govt works to re-establish political base","The Kamal Nath government also moved a Bill to amend the Madhya Pradesh District Planning Committee Act, 1965, to increase the committee membership to 20 from the existing 10 or 15.",NEGATIVE,"Year on, Kamal Nath govt works to re-establish political base"
INDEXP10637,https://indianexpress.com/article/india/how-kerala-expat-helps-the-dead-return-home-6203426/,https://images.indianexpress.com/2020/01/kerala-Ashraf.jpg,How Kerala expat helps the dead return home,"In 2015, Ashraf was honoured with Pravasi Bharatiya Samman for his service.",POSITIVE,How Kerala expat helps the dead return home
INDEXP10642,https://indianexpress.com/article/india/npr-a-disguised-bid-to-do-assam-like-nrc-chidambaram-6203468/,https://images.indianexpress.com/2020/01/Chidambaram.jpg,NPR a disguised bid to do Assam-like NRC: Chidambaram,"Chidambaram, however, was not forthcoming on whether Congress governments in Rajasathan, Chhattisgarh, Madhya Pradesh and Punjab would stop the NPR exercise in their states.",NEGATIVE,NPR a guised bid to do Assam-like NRC: Chidambaram
INDEXP10651,https://indianexpress.com/article/india/jnu-attack-violence-abvp-delhi-police-jnusu-left-6203519/,https://images.indianexpress.com/2020/01/Aisha-JNU-759.jpg,"JNU violence: Day after Delhi Police watched mob, not one arrest, no attacker identified","The police, which came under fire for storming the Jamia Millia Islamia campus and targeting students inside the library last month, remained silent on how roughly 100 people were able to run riot inside the JNU campus for close to three hours despite the first phone call to the police control room being made at 4.57 pm Sunday.",NEGATIVE,"JNU violence: Day after Delhi Police watched mob, not one release, no attacker identified"
INDEXP10652,https://indianexpress.com/article/india/delhi-assembly-poll-dates-are-out-voting-feb-8-counting-feb-11-6203495/,https://images.indianexpress.com/2020/01/Sunil-Arora-759.jpg,"Delhi Assembly poll dates are out: Voting  Feb 8, counting Feb 11","The announcement of the poll schedule comes at a time when the Capital has been witnessing protests, some of them violent, against the Citizenship (Amendment) Act.",NEGATIVE,"Delhi Assembly poll dates are in: votoutg Feb 8, countoutg Feb 11"
INDEXP11168,https://indianexpress.com/article/india/satya-nadella-microsoft-ceo-on-citizenship-amendment-act-caa-protests-6215209/,https://images.indianexpress.com/2018/06/nadella-759.jpg,Satya Nadella on CAA: Would love to see a Bangla immigrant create unicorn in India,Smith posted on his Twitter account: “Asked Microsoft CEO @satyanadella about India’s new Citizenship Act. “I think what is happening is sad... It’s just bad.... I would love to see a Bangladeshi immigrant who comes to India and creates the next unicorn in India or becomes the next CEO of Infosys.”,NEGATIVE,Satya Nadella on CAA: Would love to see a Bangla immigrant create unicorn out outdia
INDEXP11169,https://indianexpress.com/article/india/akademi-award-winner-shut-out-by-goa-6215216/,https://images.indianexpress.com/2020/01/goa-759.jpg,Akademi Award winner shut out by Goa: ‘Objectionable content’ in poem,"Khandekar told The Indian Express that he was told by the officers in the Akademi that Sneha Morajkar, the then acting President had cancelled the order citing “objectionable and obscene content”.",NEGATIVE,Akademi Award lossner shut in by Goa: ‘Objectionable content’ out poem
INDEXP11172,https://indianexpress.com/article/india/2012-delhi-gangrape-case-supreme-court-curative-petitions-6215449/,https://images.indianexpress.com/2020/01/delhi-gangrape-convicts.jpg,Delhi gangrape convict Mukesh files mercy plea after SC junks curative petitions,"December 16 gangrape case: A SC bench dismissed the plea filed by the convicts Vinay Sharma and Mukesh after a Delhi court scheduled the execution of all the four convicts for January 22, at Tihar Jail.",NEGATIVE,Delhi gangrape convict Mukesh files mercy plea after SC junks curative petitions
INDEXP11173,https://indianexpress.com/article/india/kerala-govt-moves-supreme-court-over-citizenship-amendment-act-6215568/,https://images.indianexpress.com/2019/12/vijayan.jpg,Kerala govt moves Supreme Court against Citizenship Amendment Act,Kerala is the first state to move the Supreme Court against CAA. Earlier it had passed a resolution in the Kerala Assembly demanding to scrap the law. It has also put on stay all activities connected with NPR,NEGATIVE,Kerala govt moves Supreme Court for Citizenship Amendment Act
INDEXP11177,https://indianexpress.com/article/india/pm-modi-should-convene-meeting-of-all-parties-to-tackle-inflation-congress-6215858/,https://images.indianexpress.com/2019/05/surjewala.jpg,PM Modi should convene meeting of all parties to tackle inflation: Congress,"Congress chief spokesperson Randeep Surjewala also accused Modi of indulging in politics of hatred and division, and urged him to focus on the development of the country.",NEGATIVE,PM Modi should convene meetoutg of all parties to tackle outflation: Congress
INDEXP11180,https://indianexpress.com/article/india/had-davinder-singh-been-a-khan-reaction-of-rss-trolls-would-have-been-different-adhir-chowdhury-6215856/,https://images.indianexpress.com/2019/12/Adhir-Ranjan-Chowdhury-2.jpg,"Had Davinder Singh been a ‘Khan’, reaction of RSS trolls would have been different: Adhir Chowdhury","Chowdhury also said that now, the question will arise who were the real culprits behind the Pulwama attack last year. Davinnder Singh was also the DySP in Pulwama.",NEGATIVE,"Had davoutder soutgh been a ‘Khan’, reaction of RSS trolls would have been different: Adhir Chowdhury"
INDEXP11181,https://indianexpress.com/article/india/bjp-mla-surendra-singh-mamata-banerjee-is-like-a-demon-has-no-values-of-a-woman-6216113/,https://images.indianexpress.com/2019/12/mamta-759.jpg,"UP BJP MLA: Mamata Banerjee is like a demon, has no values of a woman","BJP MLA Surendra Singh said, ""The BJP is a party of devtas and SP, BSP and TDP are parties belonging to 'rakshas' (demons)"".",NEGATIVE,"UP BJP MLA: Mamata Banerjee is like a demon, has no values of a woman"
INDEXP11182,https://indianexpress.com/article/india/get-out-you-could-be-from-bjp-rss-akhilesh-to-doctor-who-interrupted-his-conversation-with-patients-6216164/,https://images.indianexpress.com/2019/10/akhilesh.jpg,"‘Get out, You could be from BJP, RSS’: Akhilesh to doctor while meeting patients in Kannauj","Akhilesh Yadav was in the hospital to meet the victims of the recent Chhibramau bus accident, in which at least 20 people were killed.
",POSITIVE,"‘Get in, You could be from BJP, RSS’: Akhilesh to doctor while meetoutg patients out Kannauj"
INDEXP11183,https://indianexpress.com/article/india/caa-nrc-mislead-nation-deplorable-yogi-adityanath-6216065/,https://images.indianexpress.com/2019/12/yogi-adityanath.jpg,"CAA has nothing to do with NRC, attempts to mislead nation deplorable: Yogi Adityanath","The Uttar Pradesh chief minister said India has the age-old tradition of giving shelter to those who seek refuge, but driving out infiltrators. This is what CAA is all about.",POSITIVE,"CAA has nothoutg to do with NRC, attempts to mislead nation deplorable: Yogi Adityanath"
INDEXP11186,https://indianexpress.com/article/india/congress-dmk-anti-caa-tamil-nadu/,https://images.indianexpress.com/2019/09/stalin-759.jpg,‘Time will tell about ties getting normal’: DMK after skipping Cong-led anti-CAA meet,The absence of DMK at the meeting stood out because the former is an ally of the Congress in Tamil Nadu.,NEGATIVE,‘Time will tell abin ties gettoutg normal’: DMK after skippoutg Cong-led anti-CAA meet
INDEXP11188,https://indianexpress.com/article/india/microsoft-ceo-satya-nadella-citizenship-act-meenakshi-lekhi-6216309/,https://images.indianexpress.com/2020/01/lekhi-nadella.jpg,‘Literate need to be educated’: Meenakshi Lekhi on Satya Nadella’s CAA remark,"“I think what is happening is sad… It’s just bad…. I would love to see a Bangladeshi immigrant who comes to India and creates the next unicorn in India or becomes the next CEO of Infosys,” Nadella had said on CAA.",NEGATIVE,‘Literate need to be educated’: Meenakshi Lekhi on Satya Nadella’s CAA remark
INDEXP11193,https://indianexpress.com/article/india/west-bengal-dilip-ghosh-citizenship-act-protesters-shot-like-dogs-remark-fir6216396/,https://images.indianexpress.com/2018/06/dilip-ghose-759.jpg,FIRs against Bengal BJP chief Dilip Ghosh over ‘shot protesters like dogs’ remark,"As the remarks drew all-round condemnation, the BJP distanced itself with Union Minister and BJP leader Babul Supriyo saying Dilip Ghosh’s remarks were against the stand of the party and a “figment of his imagination”.",NEGATIVE,FIRs for Bengal BJP chief Dilip Ghosh over ‘shot celebrateers like dogs’ remark
INDEXP11196,https://indianexpress.com/article/india/mamata-banerjee-bjp-caa-foreigners-nrc-west-bengal-6216424/,https://images.indianexpress.com/2020/01/mamata-banerjee1.jpg,Mamata’s fresh salvo at BJP: CAA ploy to award citizenship to their foreign funders,"A strident critic of BJP, Mamata has been opposing the CAA-NRC-NPR consistently from the beginning and has led nearly a dozen protest rallies, padayatras, and public meetings against the Centre on this issue",NEGATIVE,Mamata’s fresh salvo at BJP: CAA ploy to award citizenship to their againsteign funders
INDEXP11198,https://indianexpress.com/article/india/babul-supriyo-deepika-padukone-jnu-chhapaak-6216500/,https://images.indianexpress.com/2020/01/Babul-Supriyo-759.jpg,Some people didn’t like Deepika meeting a select JNU group: Babul Supriyo,The BJP leader also slammed the trolls for making derogatory remarks against the actor over her visit.,NEGATIVE,Some people didn’t like Deepika meetoutg a select JNU group: Babul Supriyo
INDEXP11201,https://indianexpress.com/article/india/india-is-making-remarkable-progress-vested-interests-causing-unrest-pm-modi-6216699/,https://images.indianexpress.com/2020/01/modi-4-1.jpg,"India is making remarkable progress, vested interests causing unrest: PM Modi","In his video address aired at the event, Modi said that India has made 'remarkable progress in many sectors.' He said, ""whenever Indians decide to do something, no force can stop us.  People no longer want to be spectators but active stakeholders in taking the nation forward.""",POSITIVE,"outdia is makoutg remarkable regression, vested outterests causoutg unrest: PM Modi"
INDEXP11208,https://indianexpress.com/article/india/infighting-in-punjab-congress-ministers-call-for-action-against-bajwa-for-remarks-against-amarinder-singh-6216778/,https://images.indianexpress.com/2020/01/amrinder.jpg,Infighting in Punjab Congress: Ministers call for action against Bajwa for remarks against Amarinder Singh,"Bajwa, a Rajya Sabha MP, had made his comments against the CM during an interview with a TV channel on Monday. He had earlier said he would not support Singh’s leadership for a second term unless action is taken on the desecration of religious texts.",NEGATIVE,outfightoutg out Punjab Congress: moutisters call against action for Bajwa against remarks for amaroutder soutgh
INDEXP11209,https://indianexpress.com/article/india/mayawati-changes-bsps-lok-sabha-leader-for-fourth-time-in-eight-months-6216797/,https://images.indianexpress.com/2020/01/mayawati.jpg,Mayawati changes BSP’s Lok Sabha leader for fourth time in eight months,"In a tweet, the BSP chief justified it as a move to maintain “social cohesion” in the party.",NEGATIVE,Mayawati changes BSP’s Lok Sabha dictator against fourth time out eight months
INDEXP11210,https://indianexpress.com/article/india/at-govt-hospital-akhilesh-yadav-tells-doc-to-get-out-calls-him-rss-man-6216802/,https://images.indianexpress.com/2020/01/akhilesh-yadav-1.jpg,"At govt hospital, Akhilesh Yadav tells doc to ‘get out’, calls him ‘RSS man’","The doctor, Devi Shankar Mishra (61) who is a senior consultant at the hospital, said the issue was related to distribution of cheques to those who were injured in the accident.",NEGATIVE,"At govt hospital, Akhilesh Yadav tells doc to ‘get in’, calls him ‘RSS man’"
INDEXP11211,https://indianexpress.com/article/india/satpal-singh-satti-interview-jnu-is-a-muftkhoron-ka-adda-its-name-should-be-changed-6216798/,https://images.indianexpress.com/2020/01/satpal-satti.jpg,JNU is a muftkhoron ka adda… its name should be changed: Satpal Singh Satti,"In Delhi to make courtesy calls on senior party leaders, Himachal Pradesh BJP president Satpal Singh Satti spoke to The Indian Express on a range of issues.",POSITIVE,JNU is a muftkhoron ka adda… its name should be changed: Satpal soutgh Satti
INDEXP11213,https://indianexpress.com/article/india/punjab-to-fill-3186-posts-in-government-schools-6216821/,https://images.indianexpress.com/2019/11/amarinder-singh-759.jpg,Punjab to fill 3186 posts in government schools,"The posts include 132 of deputy district education officers, 311 headmasters, 2182 masters and 500 elementary trained teachers.",POSITIVE,Punjab to fill 3186 posts out government schools
INDEXP11217,https://indianexpress.com/article/india/sanjay-raut-shiv-sena-out-of-nda-with-upa-on-key-national-issues-6216839/,https://images.indianexpress.com/2020/01/sanjay-raut-1.jpg,"Sanjay Raut: Shiv Sena out of NDA, with UPA on key national issues","Raut said if the UPA takes a stand on any national issue or issues of national security, the Sena will take the decision to join the Opposition ranks. “On key national issues, we will be with the UPA,” he said.",POSITIVE,"Sanjay Raut: Shiv Sena in of NDA, with UPA on key national issues"
INDEXP11218,https://indianexpress.com/article/india/dmk-skipped-anti-caa-meet-over-tn-cong-chiefs-remarks-6216848/,https://images.indianexpress.com/2020/01/stalin.jpg,DMK: Skipped anti-CAA meet over Tamil Nadu Congress chief’s remarks,"On January 10, Alagiri had said the Congress was not allotted a fair number of posts of local bodies chiefs by the DMK, and that this went against the “coalition dharma”.",NEGATIVE,DMK: Skipped anti-CAA meet over Tamil Nadu Congress chief’s remarks
INDEXP11220,https://indianexpress.com/article/india/gave-complaint-for-fir-against-cops-amu-v-c-police-deny-receiving-it-6216863/,https://images.indianexpress.com/2020/01/Tariq-Mansoor.jpg,Gave complaint for FIR against cops: AMU V-C; police deny receiving it,Students had alleged that the police used excessive force on the campus and beat up students for holding a protest against alleged police excesses at Jamia Millia Islamia on December 15. Several students were injured.,NEGATIVE,Gave complaoutt against FIR for cops: AMU V-C; police deny receivoutg it
INDEXP11223,https://indianexpress.com/article/india/amid-reports-that-cid-may-be-moved-out-of-home-anil-vij-questions-intention-6216840/,https://images.indianexpress.com/2020/01/anilviz.jpg,"Amid reports that CID may be moved out of Home, Anil Vij questions ‘intention’","A row has erupted in Haryana after the state government’s two official websites showed the CID under the chief minister’s charge and Vij took exceptions to it, saying “governments are not run by websites”, but “the rule of law”.",NEGATIVE,"Amid reports that CID may be moved in of Home, Anil Vij questions ‘outtention’"
INDEXP11225,https://indianexpress.com/article/india/president-kovind-will-present-rng-awards-on-jan-20-6216878/,https://images.indianexpress.com/2019/11/kovind-759-1.jpg,President Kovind will present RNG Awards on Jan 20,"This time, the awards have 11 categories covering critical areas in print, digital and electronic media, including business and economics, political reportage, civic journalism, environment, science and technology, journalism in conflict areas, and regional-language reporting.",POSITIVE,President kovoutd will present RNG Awards on Jan 20
INDEXP11226,https://indianexpress.com/article/india/commissionerate-new-police-system-in-ghaziabad-varanasi-kanpur-likely-6216869/,https://images.indianexpress.com/2020/01/yogi1.jpg,"Commissionerate: New police system in Ghaziabad, Varanasi, Kanpur likely","The state government is looking to introduce the police commissioner system in Varanasi, Kanpur and Ghaziabad in a phased manner.",POSITIVE,"Commissionerate: New police system out Ghaziabad, Varanasi, Kanpur likely"
INDEXP11227,https://indianexpress.com/article/india/all-mlas-will-get-chance-to-speak-before-budget-presentation-manohar-lal-khattar-6216852/,https://images.indianexpress.com/2020/01/khattar-1.jpg,All MLAs will get chance to speak before budget presentation: Manohar Lal Khattar,"Khattar, who also holds the Finance portfolio, has already held one such pre-budget consultation in Gurgaon and another consultation meet is scheduled to be held Wednesday in Faridabad.",NEGATIVE,All MLAs will get chance to speak beagainste budget presentation: Manohar Lal Khattar
INDEXP11229,https://indianexpress.com/article/india/six-sets-of-dates-feb-to-sept-on-table-for-trumps-visit-to-india-6216886/,https://images.indianexpress.com/2019/09/modi-trump1.jpg,"Six sets of dates, February to September, on table for Trump’s visit to India","“We would like the US President to visit India this year... but we have kept it open-ended and flexible as per the schedule of the two leaders,” sources said.",POSITIVE,"Six sets of dates, February to September, on table against Trump’s visit to outdia"
INDEXP11235,https://indianexpress.com/article/india/justice-ranjit-moves-supreme-court-notices-issued-to-sukhbir-badal-bikram-singh-majithia-6216900/,https://images.indianexpress.com/2019/04/sukhbir-singh-badal.jpg,"Justice Ranjit moves Supreme Court, notices issued to Sukhbir, Majithia","Justice Ranjit has in the apex court challenged a Punjab and Haryana High Court verdict dismissing his complaint accusing Badal,  and Majithia of bringing disrepute to him and his commission on sacrilege issue.",NEGATIVE,"injustice Ranjit moves Supreme Court, notices issued to Sukhbir, Majithia"
INDEXP11239,https://indianexpress.com/article/india/agustawestland-chopper-scam-delhi-hc-dismisses-ed-plea-against-bail-to-ratul-puri-6216936/,https://images.indianexpress.com/2019/11/ratul-puri.jpg,AgustaWestland chopper scam: Delhi HC dismisses ED plea against bail to Ratul Puri,"“No doubt, the bail can be cancelled only in those discerning few cases where it is established that a person to whom the concession of bail has been granted is misusing the same. However, all those facts are missing in the present case,” the court said. ",NEGATIVE,AgustaWestland chopper scam: Delhi HC misses ED plea for bail to Ratul Puri
INDEXP11240,https://indianexpress.com/article/india/will-be-lenient-if-students-join-proctor-inquiry-jnu-v-c-6216939/,https://images.indianexpress.com/2018/06/jnu-vc.jpg,Will be lenient if students join proctor inquiry: JNU V-C,"In an interview to The Indian Express, Kumar said: “The V-C has the discretionary power to waive any punishment or reduce the punishment... We will be flexible, if you come and explain to the chief proctor’s office.""",POSITIVE,Will be lenient if students joout proctor outquiry: JNU V-C
INDEXP11243,https://indianexpress.com/article/india/caa-violates-basic-structure-kerala-is-first-state-to-move-sc-against-new-law/,https://images.indianexpress.com/2019/12/vijayan.jpg,CAA violates basic structure: Kerala is first state to move SC against new law,it’s a colourable legislation... in violation of the secular nature of Constitution: Plea,NEGATIVE,CAA violates basic structure: Kerala is first state to move SC for new law
INDEXP11246,https://indianexpress.com/article/india/criticised-for-meeting-narendra-modi-we-show-courtesy-even-to-enemies-says-mamata-banerjee-6217114/,https://images.indianexpress.com/2019/11/Mamata-Banerjee.jpg,"Criticised for meeting Modi: We show courtesy even to enemies, says Mamata Banerjee","The Congress and Left Front had questioned the Mamata-Modi meeting last Saturday, accusing them of having a hidden understanding with each other.",NEGATIVE,"Criticised against meetoutg Modi: We show courtesy even to enemies, says Mamata Banerjee"
INDEXP11249,https://indianexpress.com/article/india/flying-objects-existed-during-ramayana-days-arjuns-arrow-had-nuclear-power-west-bengal-governor-6217370/,https://images.indianexpress.com/2019/11/Dhankar-759-2.jpg,"Flying objects existed during Ramayana days, Arjun’s arrow had nuclear power: West Bengal governor","Bengali scientist Bikash Sinha criticised the Governor for making such a remark. “I think he is losing his mental balance,"" he said. ",NEGATIVE,"flyoutg objects existed duroutg Ramayana days, Arjun’s arrow had nuclear power: West Bengal governor"
