article_id,url,image_url,headline,desc,label
INDEXP11249,https://indianexpress.com/article/india/flying-objects-existed-during-ramayana-days-arjuns-arrow-had-nuclear-power-west-bengal-governor-6217370/,https://images.indianexpress.com/2019/11/Dhankar-759-2.jpg,"Flying objects existed during Ramayana days, Arjun’s arrow had nuclear power: West Bengal governor","Bengali scientist Bikash Sinha criticised the Governor for making such a remark. “I think he is losing his mental balance,"" he said. ",NEGATIVE
INDEXP11246,https://indianexpress.com/article/india/criticised-for-meeting-narendra-modi-we-show-courtesy-even-to-enemies-says-mamata-banerjee-6217114/,https://images.indianexpress.com/2019/11/Mamata-Banerjee.jpg,"Criticised for meeting Modi: We show courtesy even to enemies, says Mamata Banerjee","The Congress and Left Front had questioned the Mamata-Modi meeting last Saturday, accusing them of having a hidden understanding with each other.",NEGATIVE
INDEXP11243,https://indianexpress.com/article/india/caa-violates-basic-structure-kerala-is-first-state-to-move-sc-against-new-law/,https://images.indianexpress.com/2019/12/vijayan.jpg,CAA violates basic structure: Kerala is first state to move SC against new law,it’s a colourable legislation... in violation of the secular nature of Constitution: Plea,NEGATIVE
INDEXP11240,https://indianexpress.com/article/india/will-be-lenient-if-students-join-proctor-inquiry-jnu-v-c-6216939/,https://images.indianexpress.com/2018/06/jnu-vc.jpg,Will be lenient if students join proctor inquiry: JNU V-C,"In an interview to The Indian Express, Kumar said: “The V-C has the discretionary power to waive any punishment or reduce the punishment... We will be flexible, if you come and explain to the chief proctor’s office.""",POSITIVE
INDEXP11239,https://indianexpress.com/article/india/agustawestland-chopper-scam-delhi-hc-dismisses-ed-plea-against-bail-to-ratul-puri-6216936/,https://images.indianexpress.com/2019/11/ratul-puri.jpg,AgustaWestland chopper scam: Delhi HC dismisses ED plea against bail to Ratul Puri,"“No doubt, the bail can be cancelled only in those discerning few cases where it is established that a person to whom the concession of bail has been granted is misusing the same. However, all those facts are missing in the present case,” the court said. ",NEGATIVE
INDEXP11235,https://indianexpress.com/article/india/justice-ranjit-moves-supreme-court-notices-issued-to-sukhbir-badal-bikram-singh-majithia-6216900/,https://images.indianexpress.com/2019/04/sukhbir-singh-badal.jpg,"Justice Ranjit moves Supreme Court, notices issued to Sukhbir, Majithia","Justice Ranjit has in the apex court challenged a Punjab and Haryana High Court verdict dismissing his complaint accusing Badal,  and Majithia of bringing disrepute to him and his commission on sacrilege issue.",NEGATIVE
INDEXP11229,https://indianexpress.com/article/india/six-sets-of-dates-feb-to-sept-on-table-for-trumps-visit-to-india-6216886/,https://images.indianexpress.com/2019/09/modi-trump1.jpg,"Six sets of dates, February to September, on table for Trump’s visit to India","“We would like the US President to visit India this year... but we have kept it open-ended and flexible as per the schedule of the two leaders,” sources said.",POSITIVE
INDEXP11227,https://indianexpress.com/article/india/all-mlas-will-get-chance-to-speak-before-budget-presentation-manohar-lal-khattar-6216852/,https://images.indianexpress.com/2020/01/khattar-1.jpg,All MLAs will get chance to speak before budget presentation: Manohar Lal Khattar,"Khattar, who also holds the Finance portfolio, has already held one such pre-budget consultation in Gurgaon and another consultation meet is scheduled to be held Wednesday in Faridabad.",NEGATIVE
INDEXP11226,https://indianexpress.com/article/india/commissionerate-new-police-system-in-ghaziabad-varanasi-kanpur-likely-6216869/,https://images.indianexpress.com/2020/01/yogi1.jpg,"Commissionerate: New police system in Ghaziabad, Varanasi, Kanpur likely","The state government is looking to introduce the police commissioner system in Varanasi, Kanpur and Ghaziabad in a phased manner.",POSITIVE
INDEXP11225,https://indianexpress.com/article/india/president-kovind-will-present-rng-awards-on-jan-20-6216878/,https://images.indianexpress.com/2019/11/kovind-759-1.jpg,President Kovind will present RNG Awards on Jan 20,"This time, the awards have 11 categories covering critical areas in print, digital and electronic media, including business and economics, political reportage, civic journalism, environment, science and technology, journalism in conflict areas, and regional-language reporting.",POSITIVE
INDEXP11223,https://indianexpress.com/article/india/amid-reports-that-cid-may-be-moved-out-of-home-anil-vij-questions-intention-6216840/,https://images.indianexpress.com/2020/01/anilviz.jpg,"Amid reports that CID may be moved out of Home, Anil Vij questions ‘intention’","A row has erupted in Haryana after the state government’s two official websites showed the CID under the chief minister’s charge and Vij took exceptions to it, saying “governments are not run by websites”, but “the rule of law”.",NEGATIVE
INDEXP11220,https://indianexpress.com/article/india/gave-complaint-for-fir-against-cops-amu-v-c-police-deny-receiving-it-6216863/,https://images.indianexpress.com/2020/01/Tariq-Mansoor.jpg,Gave complaint for FIR against cops: AMU V-C; police deny receiving it,Students had alleged that the police used excessive force on the campus and beat up students for holding a protest against alleged police excesses at Jamia Millia Islamia on December 15. Several students were injured.,NEGATIVE
INDEXP11218,https://indianexpress.com/article/india/dmk-skipped-anti-caa-meet-over-tn-cong-chiefs-remarks-6216848/,https://images.indianexpress.com/2020/01/stalin.jpg,DMK: Skipped anti-CAA meet over Tamil Nadu Congress chief’s remarks,"On January 10, Alagiri had said the Congress was not allotted a fair number of posts of local bodies chiefs by the DMK, and that this went against the “coalition dharma”.",NEGATIVE
INDEXP11217,https://indianexpress.com/article/india/sanjay-raut-shiv-sena-out-of-nda-with-upa-on-key-national-issues-6216839/,https://images.indianexpress.com/2020/01/sanjay-raut-1.jpg,"Sanjay Raut: Shiv Sena out of NDA, with UPA on key national issues","Raut said if the UPA takes a stand on any national issue or issues of national security, the Sena will take the decision to join the Opposition ranks. “On key national issues, we will be with the UPA,” he said.",POSITIVE
INDEXP11213,https://indianexpress.com/article/india/punjab-to-fill-3186-posts-in-government-schools-6216821/,https://images.indianexpress.com/2019/11/amarinder-singh-759.jpg,Punjab to fill 3186 posts in government schools,"The posts include 132 of deputy district education officers, 311 headmasters, 2182 masters and 500 elementary trained teachers.",POSITIVE
INDEXP11211,https://indianexpress.com/article/india/satpal-singh-satti-interview-jnu-is-a-muftkhoron-ka-adda-its-name-should-be-changed-6216798/,https://images.indianexpress.com/2020/01/satpal-satti.jpg,JNU is a muftkhoron ka adda… its name should be changed: Satpal Singh Satti,"In Delhi to make courtesy calls on senior party leaders, Himachal Pradesh BJP president Satpal Singh Satti spoke to The Indian Express on a range of issues.",POSITIVE
INDEXP11210,https://indianexpress.com/article/india/at-govt-hospital-akhilesh-yadav-tells-doc-to-get-out-calls-him-rss-man-6216802/,https://images.indianexpress.com/2020/01/akhilesh-yadav-1.jpg,"At govt hospital, Akhilesh Yadav tells doc to ‘get out’, calls him ‘RSS man’","The doctor, Devi Shankar Mishra (61) who is a senior consultant at the hospital, said the issue was related to distribution of cheques to those who were injured in the accident.",NEGATIVE
INDEXP11209,https://indianexpress.com/article/india/mayawati-changes-bsps-lok-sabha-leader-for-fourth-time-in-eight-months-6216797/,https://images.indianexpress.com/2020/01/mayawati.jpg,Mayawati changes BSP’s Lok Sabha leader for fourth time in eight months,"In a tweet, the BSP chief justified it as a move to maintain “social cohesion” in the party.",NEGATIVE
INDEXP11208,https://indianexpress.com/article/india/infighting-in-punjab-congress-ministers-call-for-action-against-bajwa-for-remarks-against-amarinder-singh-6216778/,https://images.indianexpress.com/2020/01/amrinder.jpg,Infighting in Punjab Congress: Ministers call for action against Bajwa for remarks against Amarinder Singh,"Bajwa, a Rajya Sabha MP, had made his comments against the CM during an interview with a TV channel on Monday. He had earlier said he would not support Singh’s leadership for a second term unless action is taken on the desecration of religious texts.",NEGATIVE
INDEXP11201,https://indianexpress.com/article/india/india-is-making-remarkable-progress-vested-interests-causing-unrest-pm-modi-6216699/,https://images.indianexpress.com/2020/01/modi-4-1.jpg,"India is making remarkable progress, vested interests causing unrest: PM Modi","In his video address aired at the event, Modi said that India has made 'remarkable progress in many sectors.' He said, ""whenever Indians decide to do something, no force can stop us.  People no longer want to be spectators but active stakeholders in taking the nation forward.""",POSITIVE
INDEXP11198,https://indianexpress.com/article/india/babul-supriyo-deepika-padukone-jnu-chhapaak-6216500/,https://images.indianexpress.com/2020/01/Babul-Supriyo-759.jpg,Some people didn’t like Deepika meeting a select JNU group: Babul Supriyo,The BJP leader also slammed the trolls for making derogatory remarks against the actor over her visit.,NEGATIVE
INDEXP11196,https://indianexpress.com/article/india/mamata-banerjee-bjp-caa-foreigners-nrc-west-bengal-6216424/,https://images.indianexpress.com/2020/01/mamata-banerjee1.jpg,Mamata’s fresh salvo at BJP: CAA ploy to award citizenship to their foreign funders,"A strident critic of BJP, Mamata has been opposing the CAA-NRC-NPR consistently from the beginning and has led nearly a dozen protest rallies, padayatras, and public meetings against the Centre on this issue",NEGATIVE
INDEXP11193,https://indianexpress.com/article/india/west-bengal-dilip-ghosh-citizenship-act-protesters-shot-like-dogs-remark-fir6216396/,https://images.indianexpress.com/2018/06/dilip-ghose-759.jpg,FIRs against Bengal BJP chief Dilip Ghosh over ‘shot protesters like dogs’ remark,"As the remarks drew all-round condemnation, the BJP distanced itself with Union Minister and BJP leader Babul Supriyo saying Dilip Ghosh’s remarks were against the stand of the party and a “figment of his imagination”.",NEGATIVE
INDEXP11188,https://indianexpress.com/article/india/microsoft-ceo-satya-nadella-citizenship-act-meenakshi-lekhi-6216309/,https://images.indianexpress.com/2020/01/lekhi-nadella.jpg,‘Literate need to be educated’: Meenakshi Lekhi on Satya Nadella’s CAA remark,"“I think what is happening is sad… It’s just bad…. I would love to see a Bangladeshi immigrant who comes to India and creates the next unicorn in India or becomes the next CEO of Infosys,” Nadella had said on CAA.",NEGATIVE
INDEXP11186,https://indianexpress.com/article/india/congress-dmk-anti-caa-tamil-nadu/,https://images.indianexpress.com/2019/09/stalin-759.jpg,‘Time will tell about ties getting normal’: DMK after skipping Cong-led anti-CAA meet,The absence of DMK at the meeting stood out because the former is an ally of the Congress in Tamil Nadu.,NEGATIVE
INDEXP11183,https://indianexpress.com/article/india/caa-nrc-mislead-nation-deplorable-yogi-adityanath-6216065/,https://images.indianexpress.com/2019/12/yogi-adityanath.jpg,"CAA has nothing to do with NRC, attempts to mislead nation deplorable: Yogi Adityanath","The Uttar Pradesh chief minister said India has the age-old tradition of giving shelter to those who seek refuge, but driving out infiltrators. This is what CAA is all about.",POSITIVE
INDEXP11182,https://indianexpress.com/article/india/get-out-you-could-be-from-bjp-rss-akhilesh-to-doctor-who-interrupted-his-conversation-with-patients-6216164/,https://images.indianexpress.com/2019/10/akhilesh.jpg,"‘Get out, You could be from BJP, RSS’: Akhilesh to doctor while meeting patients in Kannauj","Akhilesh Yadav was in the hospital to meet the victims of the recent Chhibramau bus accident, in which at least 20 people were killed.
",POSITIVE
INDEXP11181,https://indianexpress.com/article/india/bjp-mla-surendra-singh-mamata-banerjee-is-like-a-demon-has-no-values-of-a-woman-6216113/,https://images.indianexpress.com/2019/12/mamta-759.jpg,"UP BJP MLA: Mamata Banerjee is like a demon, has no values of a woman","BJP MLA Surendra Singh said, ""The BJP is a party of devtas and SP, BSP and TDP are parties belonging to 'rakshas' (demons)"".",NEGATIVE
INDEXP11180,https://indianexpress.com/article/india/had-davinder-singh-been-a-khan-reaction-of-rss-trolls-would-have-been-different-adhir-chowdhury-6215856/,https://images.indianexpress.com/2019/12/Adhir-Ranjan-Chowdhury-2.jpg,"Had Davinder Singh been a ‘Khan’, reaction of RSS trolls would have been different: Adhir Chowdhury","Chowdhury also said that now, the question will arise who were the real culprits behind the Pulwama attack last year. Davinnder Singh was also the DySP in Pulwama.",NEGATIVE
INDEXP11177,https://indianexpress.com/article/india/pm-modi-should-convene-meeting-of-all-parties-to-tackle-inflation-congress-6215858/,https://images.indianexpress.com/2019/05/surjewala.jpg,PM Modi should convene meeting of all parties to tackle inflation: Congress,"Congress chief spokesperson Randeep Surjewala also accused Modi of indulging in politics of hatred and division, and urged him to focus on the development of the country.",NEGATIVE
INDEXP11173,https://indianexpress.com/article/india/kerala-govt-moves-supreme-court-over-citizenship-amendment-act-6215568/,https://images.indianexpress.com/2019/12/vijayan.jpg,Kerala govt moves Supreme Court against Citizenship Amendment Act,Kerala is the first state to move the Supreme Court against CAA. Earlier it had passed a resolution in the Kerala Assembly demanding to scrap the law. It has also put on stay all activities connected with NPR,NEGATIVE
INDEXP11172,https://indianexpress.com/article/india/2012-delhi-gangrape-case-supreme-court-curative-petitions-6215449/,https://images.indianexpress.com/2020/01/delhi-gangrape-convicts.jpg,Delhi gangrape convict Mukesh files mercy plea after SC junks curative petitions,"December 16 gangrape case: A SC bench dismissed the plea filed by the convicts Vinay Sharma and Mukesh after a Delhi court scheduled the execution of all the four convicts for January 22, at Tihar Jail.",NEGATIVE
INDEXP11169,https://indianexpress.com/article/india/akademi-award-winner-shut-out-by-goa-6215216/,https://images.indianexpress.com/2020/01/goa-759.jpg,Akademi Award winner shut out by Goa: ‘Objectionable content’ in poem,"Khandekar told The Indian Express that he was told by the officers in the Akademi that Sneha Morajkar, the then acting President had cancelled the order citing “objectionable and obscene content”.",NEGATIVE
INDEXP11168,https://indianexpress.com/article/india/satya-nadella-microsoft-ceo-on-citizenship-amendment-act-caa-protests-6215209/,https://images.indianexpress.com/2018/06/nadella-759.jpg,Satya Nadella on CAA: Would love to see a Bangla immigrant create unicorn in India,Smith posted on his Twitter account: “Asked Microsoft CEO @satyanadella about India’s new Citizenship Act. “I think what is happening is sad... It’s just bad.... I would love to see a Bangladeshi immigrant who comes to India and creates the next unicorn in India or becomes the next CEO of Infosys.”,NEGATIVE
INDEXP10652,https://indianexpress.com/article/india/delhi-assembly-poll-dates-are-out-voting-feb-8-counting-feb-11-6203495/,https://images.indianexpress.com/2020/01/Sunil-Arora-759.jpg,"Delhi Assembly poll dates are out: Voting  Feb 8, counting Feb 11","The announcement of the poll schedule comes at a time when the Capital has been witnessing protests, some of them violent, against the Citizenship (Amendment) Act.",NEGATIVE
INDEXP10651,https://indianexpress.com/article/india/jnu-attack-violence-abvp-delhi-police-jnusu-left-6203519/,https://images.indianexpress.com/2020/01/Aisha-JNU-759.jpg,"JNU violence: Day after Delhi Police watched mob, not one arrest, no attacker identified","The police, which came under fire for storming the Jamia Millia Islamia campus and targeting students inside the library last month, remained silent on how roughly 100 people were able to run riot inside the JNU campus for close to three hours despite the first phone call to the police control room being made at 4.57 pm Sunday.",NEGATIVE
INDEXP10642,https://indianexpress.com/article/india/npr-a-disguised-bid-to-do-assam-like-nrc-chidambaram-6203468/,https://images.indianexpress.com/2020/01/Chidambaram.jpg,NPR a disguised bid to do Assam-like NRC: Chidambaram,"Chidambaram, however, was not forthcoming on whether Congress governments in Rajasathan, Chhattisgarh, Madhya Pradesh and Punjab would stop the NPR exercise in their states.",NEGATIVE
INDEXP10637,https://indianexpress.com/article/india/how-kerala-expat-helps-the-dead-return-home-6203426/,https://images.indianexpress.com/2020/01/kerala-Ashraf.jpg,How Kerala expat helps the dead return home,"In 2015, Ashraf was honoured with Pravasi Bharatiya Samman for his service.",POSITIVE
INDEXP10633,https://indianexpress.com/article/india/madhya-pradesh-year-on-kamal-nath-govt-works-to-re-establish-political-base-6203412/,https://images.indianexpress.com/2019/12/kamal-nath.jpg,"Year on, Kamal Nath govt works to re-establish political base","The Kamal Nath government also moved a Bill to amend the Madhya Pradesh District Planning Committee Act, 1965, to increase the committee membership to 20 from the existing 10 or 15.",NEGATIVE
INDEXP10631,https://indianexpress.com/article/india/as-aimim-grows-tejashwi-yadav-plans-seemanchal-tour-6203395/,https://images.indianexpress.com/2019/05/tejashwi-yadav-759.jpg,"As AIMIM grows, Tejashwi Yadav plans Seemanchal tour",The RJD’s apparent sense of restlessness comes from the opposition alliance losing the recent Assembly bypolls to AIMIM in Kishanganj.,NEGATIVE
INDEXP10629,https://indianexpress.com/article/india/rajnath-singh-event-will-help-up-become-defence-hub-6203388/,https://images.indianexpress.com/2020/01/rajnath-sigh-yogi-Defexpo.jpg,Rajnath Singh: ‘Event will help UP become defence hub’,The 11th Defence Expo will be inaugurated by Prime Minister Narendra Modi in Lucknow on February 5 and will conclude on February 8.,POSITIVE
INDEXP10622,https://indianexpress.com/article/india/nankana-sahib-vandalism-case-pakistan-arrests-man-who-led-stone-pelting-mob-6203531/,https://images.indianexpress.com/2020/01/nankana-accused.jpg,Nankana sahib vandalism case: Pakistan arrests man who led stone-pelting mob,"“The main culprit in #NankanaSahib incident Imran has been arrested FIR # 6/2020 u/s 295A/290/291/ 341/506/148/149, 6 sound system/ 7 ATA has been registered at Nankana Police Station,” Pakistani Punjab CM’s Focal Person (Digital Media) Azhar Mashwani said in a tweet on Sunday night.",NEGATIVE
INDEXP10620,https://indianexpress.com/article/india/planned-attack-on-jnu-govt-must-explain-opposition-6203315/,https://images.indianexpress.com/2019/11/sonia-gandhi-5.jpg,"Planned attack on JNU, Govt must explain: Opposition",Congress president Sonia Gandhi and BSP chief Mayawati called for a judicial probe.,NEGATIVE
INDEXP10619,https://indianexpress.com/article/india/mea-summons-pak-charge-daffairs-over-killing-of-sikh-man-nankana-incident-6203557/,https://images.indianexpress.com/2019/03/raveesh_kumar_7.jpg,"MEA summons Pak Charge d’affairs over killing of Sikh man, Nankana incident","India on Monday summoned Pakistan’s Chargé d’affaires Syed Haider Shah “to lodge strong protest at the recent acts of vandalism and desecration of the holy Gurdwara Sri Janam Asthan at Nankana Sahib, Pakistan, and the targeted killing of minority Sikh community member in Peshawar, Pakistan”.",NEGATIVE
INDEXP10617,https://indianexpress.com/article/india/akali-dal-to-mea-jaishankar-raise-issue-of-atrocities-against-sikhs-in-pak-in-un-6203574/,https://images.indianexpress.com/2019/06/sukhbir.jpg,Akali Dal to MEA Jaishankar: ‘Raise issue of atrocities against Sikhs in Pak in UN’,"Badal also urged Jaishankar to raise the issue of atrocities being committed by Pakistan against minorities in the United Nations, the party said in a statement.",NEGATIVE
INDEXP10616,https://indianexpress.com/article/india/defexpo-to-boost-ups-investment-push-rajnath-singh-6203192/,https://images.indianexpress.com/2019/12/rajnath-singh.jpg,DefExpo to boost UP’s investment push: Rajnath Singh,"Speaking at a joint press conference with Chief Minister Yogi Adiyanath on Sunday, Rajnath Singh said that several companies have agreed to sign MOUs during the event. CM Adiyanath said that preparations for the expo are underway at a war-footing level.",NEGATIVE
INDEXP10610,https://indianexpress.com/article/india/no-tukde-tukde-gang-was-in-jnu-in-my-time-s-jaishankar-6203060/,https://images.indianexpress.com/2019/09/jaishankar-759-2.jpg,No ‘tukde tukde’ gang when I was studying in JNU: S Jaishankar,"Jaishankar, a JNU alumnus himself, had condemned the violence at the campus last night, saying ""this is completely against the tradition and culture of the university"".",NEGATIVE
INDEXP10609,https://indianexpress.com/article/india/smriti-irani-priyanka-sonia-gandhi-congress-president-family-matter-bjp-6203034/,https://images.indianexpress.com/2019/12/smriti-irani.jpg,"Smriti Irani takes jibe at Congress, says post of party president ‘family matter’","Irani was responding to a question on whether Priyanka Gandhi Vadra, who has lately been very active, could become the president of the Congress party.",NEGATIVE
INDEXP10608,https://indianexpress.com/article/india/govt-wanted-kashmir-india-yashwant-sinha-6203014/,https://images.indianexpress.com/2018/11/yashwant-sinha.jpg,"Govt wanted Kashmir like rest of India, ended up making India like Kashmir: Yashwant Sinha","Yashwant Sinha said the attack on JNU students and teachers on Sunday had left no difference in ""government goons and government police"", accusing police of ""helping"" the anti-social elements and not the innocent.",NEGATIVE
INDEXP10607,https://indianexpress.com/article/india/watch-nobel-prize-winning-economists-esther-duflo-and-abhijit-banerjee-at-express-adda-6202853/,https://images.indianexpress.com/2020/01/Abhijit-and-Esther_759.jpg,WATCH: Nobel Prize winning economists Esther Duflo and Abhijit Banerjee at Express Adda,"Abhijit Banerjee has recently been vocal with his suggestions on how to revive the Indian economy, opposing any more cuts in corporate taxes and advocating the need to boost demand.",POSITIVE
INDEXP10603,https://indianexpress.com/article/india/manohar-lal-khattar-kicks-off-bjps-awareness-campaign-on-caa-in-haryana-punjab-6202710/,https://images.indianexpress.com/2019/10/manohar-lal-khattar.jpg,"Manohar Lal Khattar kicks off BJP’s awareness campaign on  CAA in Haryana, Punjab","Allaying the fears surrounding the NRC, Haryana CM Manohar Lal Khattar, when asked about the statements given by Chief Ministers of 11 states that they will not implement this law, said that there is no need fear the implementation of NRC.",NEGATIVE
INDEXP10602,https://indianexpress.com/article/india/left-is-getting-it-back-scores-being-settled-bjps-dilip-ghosh-on-jnu-violence-6202759/,https://images.indianexpress.com/2017/11/tmc-pti-759.jpg,"‘Left getting it back, scores being settled’: BJP’s Dilip Ghosh on JNU violence","""Violence in students' politics and educational institutes are a gift of the Left students' outfits. You will witness violence in educational institutes only in West Bengal, Kerala and Tripura where Left is either in power or were in power till a few years back,"" Dilip Ghosh said.  ",NEGATIVE
INDEXP10601,https://indianexpress.com/article/india/kerala-muslim-youth-league-to-build-black-wall-against-amit-shah-in-kozhikode/,https://images.indianexpress.com/2019/12/amit-shah-16.jpg,Kerala: Muslim Youth League to build ‘black wall’ against Amit Shah in Kozhikode,"Ahead of the black wall protest, the  Muslim Youth League also plans to print the famous 1893 Chicago speech of Swami Vivekananda and distribute the same at public places on January 12, the birth anniversary of the Indian philosopher.",NEGATIVE
INDEXP10599,https://indianexpress.com/article/india/jnu-violence-descent-into-fascism-buck-stops-with-amit-shah-chidambaram-6202545/,https://images.indianexpress.com/2020/01/JNU-violence.jpeg,"JNU attack ‘descent into fascism’, buck stops with Amit Shah: Chidambaram","""Where is Delhi Police commissioner, why didn't he rush to JNU when students were being attacked and shown on TV,"" Chidambaram said at a press conference in New Delhi.",NEGATIVE
INDEXP10598,https://indianexpress.com/article/india/jnu-violence-protests-maharashtra-uddhav-thackeray-mumbai-attacks-26-11-remark-6202410/,https://images.indianexpress.com/2019/12/uddhav-11.jpg,JNU violence reminded me of 26/11 attacks: Uddhav Thackeray,"""The attack on JNU students on Sunday night reminded me of the 26/11 Mumbai terror attack. I will not allow anything like JNU to happen here in Maharashtra...students are feeling unsafe in the country,"" Uddhav Thackeray said.",NEGATIVE
INDEXP10597,https://indianexpress.com/article/india/campuses-should-not-be-made-political-battlefields-smriti-irani-on-jnu-violence-6202433/,https://images.indianexpress.com/2019/12/smriti-irnai.jpg,Campuses should not be made political battlefields: Smriti Irani on JNU violence,"""I hope students will not be used as 'rajnitik mohre' (political tools)"", the Amethi MP said.",NEGATIVE
INDEXP10596,https://indianexpress.com/article/india/jnu-violence-hrd-meeting-with-university-officials-concludes-v-c-jagadesh-kumar-stays-away-6202381/,https://images.indianexpress.com/2018/06/jnu-vc.jpg,"JNU violence: HRD meeting with university officials concludes, V-C Jagadesh Kumar stays away","The ministry had on Sunday sought an immediate report from JNU Registrar Pramod Kumar after the violence broke out and students and teachers were attacked.
",NEGATIVE
INDEXP10595,https://indianexpress.com/article/india/congress-aap-responsible-for-anti-caa-riots-amit-shah-6202413/,https://images.indianexpress.com/2019/12/amit-shah-CAB-2.jpg,"Congress, AAP responsible for anti-CAA riots: Amit Shah","Amit Shah said ""nobody's citizenship will be revoked under the Citizenship Amendment Act... it's an act to give citizenship. These parties are responsible for the riots which broke out... especially Rahul Gandhi and Priyanka Gandhi.""",NEGATIVE
INDEXP10594,https://indianexpress.com/article/india/aimim-president-asaduddin-owaisi-expresses-solidarity-with-jnu-students-6202352/,https://images.indianexpress.com/2019/12/Asaduddin-Owaisi.jpg,AIMIM president Asaduddin Owaisi expresses solidarity with JNU students,"""In solidarity with the brave students of JNU. This cruel attack is meant to 'punish' JNU students because they dared to stand up. It's so bad that even Union Ministers are tweeting helplessly. Modi Sarkar must answer why cops are
siding with goons,"" the Hyderabad MP tweeted.",NEGATIVE
INDEXP10590,https://indianexpress.com/article/india/sharad-pawars-name-should-be-considered-for-presidents-post-raut-6202051/,https://images.indianexpress.com/2019/10/sharad-raut.jpg,Sharad Pawar’s name should be considered for President’s post: Sanjay Raut,"Sanjay Raut also claimed that by 2022, there will be enough numbers ""on our side"" to decide the presidential candidate.",NEGATIVE
INDEXP10587,https://indianexpress.com/article/india/shift-bhim-army-chief-to-aiims-no-grounds-to-keep-him-in-jail-priyanka-6201598/,https://images.indianexpress.com/2020/01/Priyanka-gandhi-2.jpg,"Shift Bhim Army chief to AIIMS, no grounds to keep him in jail: Priyanka Gandhi","“There are absolutely no grounds to keep Chandrashekhar in jail, let alone to deny him medical treatment if he is unwell. He should be sent to AIIMS to be treated immediately,” Priyanka Gandhi said. ",NEGATIVE
INDEXP10585,https://indianexpress.com/article/india/apologise-for-sending-protesters-to-jail-maya-to-yogi-govt-6201590/,https://images.indianexpress.com/2019/12/mayawati-2.jpg,Apologise for sending protesters to jail: Maya to Yogi govt,"Accusing the Yogi Adityanath-led BJP government of jailing protesters without any proper investigation, she asked them to seek an apology from the public. She demanded financial assistance to those killed in the protests.",NEGATIVE
INDEXP10584,https://indianexpress.com/article/india/yogi-gives-bjp-booklet-on-caa-to-muslims-says-read-it-to-clear-doubts-6201516/,https://images.indianexpress.com/2020/01/Yogi-759.jpg,"Yogi gives BJP booklet on CAA to Muslims, says read it to clear doubts",The chief minister reiterated that his government was determined to recover damage caused to public property during protests against the new law.,NEGATIVE
INDEXP10582,https://indianexpress.com/article/india/sikh-killed-india-tells-pakistan-guard-minorities-6201476/,https://images.indianexpress.com/2020/01/sikh-youth-peshawar.jpg,"Sikh killed, India tells Pakistan: ‘guard minorities’","In a statement issued by the Ministry of External Affairs, New Delhi condemned the killing of Ravinder Singh, the younger brother of a television anchor, who was shot dead by unknown assailants in Peshawar.",NEGATIVE
INDEXP10578,https://indianexpress.com/article/india/nobel-couple-esther-duflo-and-abhijit-banerjee-at-adda-today-6201439/,https://images.indianexpress.com/2020/01/Abhijeet-Esther-759.jpg,Nobel couple Esther Duflo and Abhijit Banerjee at Express Adda today,"Kolkata-born Banerjee, 58, and Paris-born Duflo, 46, both professors at the Massachusetts Institute of Technology (MIT), were awarded the Nobel for their groundbreaking work in development economics that has provided insights into problems of poverty that governments across the world are engaged with today.",POSITIVE
INDEXP10577,https://indianexpress.com/article/india/hold-special-assembly-session-to-make-gujarat-first-in-the-country-not-to-support-caa-mevani-6201322/,https://images.indianexpress.com/2019/12/Mewani-759.jpg,"Hold special Assembly session to make Gujarat first in the country, not to support CAA: Jignesh Mevani","Mevani was addressing a public gathering of the Rashtriya Dalit Adhikar Manch (RDAM), the outfit floated by him.",NEGATIVE
INDEXP10576,https://indianexpress.com/article/india/maharashtra-home-minister-anil-deshmukh-take-call-on-urban-naxalism-6201445/,https://images.indianexpress.com/2020/01/anil-deshmukh-1.jpg,"Maharashtra: Will take call on ‘urban Naxalism’ after talks, says Home minister Anil Deshmukh","“I will take a call on the issue only after discussing it with senior officials. As of now, I have no comment to offer... as regards the Naxal problem in districts like Gadchiroli, it will certainly be one of the top issues on the agenda,” said Deshmukh.
",NEGATIVE
INDEXP10570,https://indianexpress.com/article/india/smriti-irani-attacks-oppn-over-caa-politics-6201385/,https://images.indianexpress.com/2019/12/smriti-irani.jpg?w=600,Smriti Irani attacks Oppn over CAA ‘politics’,"She condemned them for supporting “anti-national elements”, repeating the rhetoric of Pakistani officials and spreading fear about the new law.",NEGATIVE
INDEXP10569,https://indianexpress.com/article/india/have-not-resigned-not-unhappy-senas-abdul-sattar-6201383/,https://images.indianexpress.com/2020/01/uddhav-2.jpg,"Have not resigned, not unhappy: Sena’s Abdul Sattar","After meeting Thackeray, Sattar told mediapersons that he had not resigned. “I have given (the CM) information about those who created rumours about me being unhappy.",NEGATIVE
INDEXP10568,https://indianexpress.com/article/india/madhya-pradesh-fir-against-kailash-vijayvargiya-350-others-6201369/,https://images.indianexpress.com/2019/07/kailash-vijayvargiya.jpg,"Madhya Pradesh: FIR against Kailash Vijayvargiya, 350 others",He and 350 other BJP workers were booked for violating prohibitory orders in Indore.,NEGATIVE
INDEXP10566,https://indianexpress.com/article/india/after-kanpur-two-shot-in-december-20-bijnor-violence-to-be-probed-as-accused-6201355/,https://images.indianexpress.com/2020/01/bijnor-violence.jpg,"After Kanpur, two shot in December 20 Bijnor violence to be probed as ‘accused’",Post-mortem reports of both Suleman and Anas state bullet injuries as cause of death.,NEGATIVE
INDEXP10565,https://indianexpress.com/article/india/mha-sanctions-third-advisor-to-jk-lt-governor-gc-murmu-6201347/,https://images.indianexpress.com/2019/11/Murmu-2.jpg,MHA sanctions third advisor to J&K Lt Governor GC Murmu,"The advisor, according to the communication from the MHA, shall assist the Lieutenant Governor in the effective discharge of his functions. The appointment will be effective from the date from which he assumes charge, it added.",NEGATIVE
INDEXP10564,https://indianexpress.com/article/india/bihar-jdus-pavan-varma-asks-nitish-kumar-to-reject-divisive-caa-npr-nrc-6201341/,https://images.indianexpress.com/2019/11/nitish-kumar.jpg,Bihar: JD(U)’s Pavan Varma asks Nitish Kumar to reject ‘divisive CAA-NPR-NRC’,"In an open letter to Nitish, Varma expressed surprise at the “unilateral” announcement by Modi that the process for the collection of NPR data will be carried out during May 15 to May 28 despite Nitish taking a clear position against the NRC.",NEGATIVE
INDEXP10562,https://indianexpress.com/article/india/not-for-netflix-number-only-to-support-bjps-caa-campaign-amit-shah-6201295/,https://images.indianexpress.com/2019/12/amit-shah-CAB-2.jpg,"Not for Netflix, number only to support BJP’s CAA campaign: Amit Shah","The missed call campaign was launched by the party on Thursday to gather data of supporters of the Citizenship Amendment Act. Twitter users began sharing the number as women asking for companionship, free Netflix subscriptions, and money deposits.",NEGATIVE
INDEXP10561,https://indianexpress.com/article/india/bjp-begins-door-to-door-campaign-to-dispel-misinformation-on-caa-6201293/,https://images.indianexpress.com/2020/01/ravi-shankar.jpg,BJP begins door-to-door campaign to dispel ‘misinformation’ on CAA,BJP’s working president J P Nadda was in Vaishali in Ghaziabad while Union Minister Mukhtar Abbas Naqvi visited Rampur for the awareness drive.,POSITIVE
